CodeArticle,LibelleArticle,CodeDescriptifCommercial,LibelleDescriptifCommecial,Ordre
AG,Essai d'analyse granulométrique,D00174,Prélevement de materiau pour essai granulometrique,1
AG,Essai d'analyse granulométrique,D00175,Analyse granulométrique par tamisage,2
AG,Essai d'analyse granulométrique,D00176,Rapport d'essai Analyse granulométrique,3
Accr.dsg,Essai de contrôle du dosage de la couche d'accrochage,D00742,Prélevement de materiau pour mesure de dosage de la couche d'accrochage,1
Accr.dsg,Essai de contrôle du dosage de la couche d'accrochage,D00743,Etablissement du rapport d'essai dosage d'accrochage en trois exemplaires,1
Accr.dsg,Essai de contrôle du dosage de la couche d'accrochage,D00207,Mesure du dosage de la couche d’accrochage,1
Acier,Essais sur aciers ,D00262,Prélevement des aciers,1
Acier,Essais sur aciers ,D00263,Contrôle de la Nuance des aciers ,2
Acier,Essais sur aciers ,D00265,Essai de pliage des aciers,3
Acier,Essais sur aciers ,D00264,Détermination de la masse linéique des aciers,4
Acier,Essais sur aciers ,D00266,Essais de traction par diamètre,5
Acier,Essais sur aciers ,D00267,Rapport d'essai aciers,6
Acier.plig,Essai de pliages des armatures de différents diamètres,D00262,Prélevement des aciers,1
Acier.plig,Essai de pliages des armatures de différents diamètres,D00265,Essai de pliage des aciers,3
Acier.plig,Essai de pliages des armatures de différents diamètres,D00329,Rapport d'essai pliage,4
Acier.tr,Essai de traction sur armature de différents diamètres,D00262,Prélevement des aciers,1
Acier.tr,Essai de traction sur armature de différents diamètres,D00263,Contrôle de la Nuance des aciers ,2
Acier.tr,Essai de traction sur armature de différents diamètres,D00267,Rapport d'essai aciers,6
Adhes,Essai d’adhésivité (granulats – liants)  ,D00166,Prélevement mélange granulat -liant,1
Adhes,Essai d’adhésivité (granulats – liants)  ,D00129,Essais d’adhésivité émulsion-granulat,2
Adhes,Essai d’adhésivité (granulats – liants)  ,D00168,Rapport d'essai adhésivité,3
Adjvt,Paramétres physico-chimiques de l'adjuvant,D00031,Prélevement de l'Adjuvent,1
Adjvt,Paramétres physico-chimiques de l'adjuvant,D00032,Analyse physico-chimiques de l'adjuvant,2
Adjvt,Paramétres physico-chimiques de l'adjuvant,D00033,Rapport d'essai chimiques sur adjuvant,3
Aff,Essai d'affaissement au cone d'Abrams,D00172,Essai d'affaissement au cône d’Abrams,1
Aff,Essai d'affaissement au cone d'Abrams,D00173,Rapport d'essai affaissement,2
AgAC,Agrément couche Anti-contaminante ,D00430A,Prélevements des échantillons de couche anti-contaminante ,1
AgAC,Agrément couche Anti-contaminante ,D00594A,Analyses granulométriques par tamisage.,2
AgAC,Agrément couche Anti-contaminante ,D00122A,Déterminations des limites d’Atterberg,3
AgAC,Agrément couche Anti-contaminante ,D00431A,Rapport d'agrément AC,4
AgCF,Agrément couche de forme  ,D00750A,Prélevements des materiaux couche de forme,1
AgCF,Agrément couche de forme  ,D00594A,Analyses granulométriques par tamisage.,2
AgCF,Agrément couche de forme  ,D00122A,Déterminations des limites d’Atterberg,3
AgCF,Agrément couche de forme  ,D00161A,Essais au bleu de méthyléne,4
AgCF,Agrément couche de forme  ,D00142A,Essais de dureté Los Angeles,5
AgCF,Agrément couche de forme  ,D00420A,Essais Micro Deval,6
AgCF,Agrément couche de forme  ,D00434A,Essais de Dégradabilité,7
AgCF,Agrément couche de forme  ,D00435A,Essais de fragmentabilité,8
AgCF,Agrément couche de forme  ,D00751A,Rapport d'agrément couche de forme,9
AgGrB,Agrément gravette à béton ,D00758A,Prélevements des échantillons de gravettes à béton ,1
AgGrB,Agrément gravette à béton ,D00412A,Mesures de la propreté des granulats,2
AgGrB,Agrément gravette à béton ,D00594A,Analyses granulométriques par tamisage.,3
AgGrB,Agrément gravette à béton ,D00143A,Mesures du coefficient d’absorption des sables,4
AgGrB,Agrément gravette à béton ,D00058A,Essais de mesure du coefficient d’aplatissement,5
AgGrB,Agrément gravette à béton ,D00142A,Essais de dureté Los Angeles,6
AgGrB,Agrément gravette à béton ,D00759A,Rapport d'agrément des gravettes à béton ,7
AgGrBV,Agrément gravette à béton-V,D00758A,Prélevements des échantillons de gravettes à béton ,1
AgGrBV,Agrément gravette à béton-V,D00412A,Mesures de la propreté des granulats,2
AgGrBV,Agrément gravette à béton-V,D00594A,Analyses granulométriques par tamisage.,3
AgGrBV,Agrément gravette à béton-V,D00143A,Mesures du coefficient d’absorption des sables,4
AgGrBV,Agrément gravette à béton-V,D00058A,Essais de mesure du coefficient d’aplatissement,5
AgGrBV,Agrément gravette à béton-V,D00142A,Essais de dureté Los Angeles,6
AgGrBV,Agrément gravette à béton-V,D00759A,Rapport d'agrément des gravettes à béton ,7
AgLPG,Agrément lit de pose en gravette,D00754A,Prélevements des échantillons lit de pose en gravette,1
AgLPG,Agrément lit de pose en gravette,D00594A,Analyses granulométriques par tamisage.,2
AgLPG,Agrément lit de pose en gravette,D00755A,Rapport d'agrément lit de pose en gravette,3
AgLPS,Agrément lit de pose en sable,D00756A,Prélevements des échantillons lit de pose en sable,1
AgLPS,Agrément lit de pose en sable,D00594A,Analyses granulométriques par tamisage.,2
AgLPS,Agrément lit de pose en sable,D00413A,Essais d’équivalent de sable à 10% des fines,3
AgLPS,Agrément lit de pose en sable,D00757A,Rapport d'agrément lit de pose en sable,4
AgMD,Agrément matériau drainant,D00753A,Rapport d'agrément matériau drainant,0
AgMD,Agrément matériau drainant,D00594A,Analyses granulométriques par tamisage.,0
AgMD,Agrément matériau drainant,D00752A,Prélevements des matériaux drainants,1
AgMS,Agrément MS,D00437A,Prélevements des materiaux séléctionnés,1
AgMS,Agrément MS,D00594A,Analyses granulométriques par tamisage.,2
AgMS,Agrément MS,D00433A,Essais de Teneur CaCo3,3
AgMS,Agrément MS,D00122A,Déterminations des limites d’Atterberg,4
AgMS,Agrément MS,D00142A,Essais de dureté Los Angeles,5
AgR,Agrément remblai,D00439A,Prélevements des matériaux de remblai,1
AgR,Agrément remblai,D00594A,Analyses granulométriques par tamisage.,2
AgR,Agrément remblai,D00122A,Déterminations des limites d’Atterberg,3
AgR,Agrément remblai,D00161A,Essais au bleu de méthyléne,4
AgR,Agrément remblai,D00440A,Rapport d'agrément de Remblai,5
AgR-V,Agrément remblai-V,D00439A,Prélevements des matériaux de remblai,1
AgR-V,Agrément remblai-V,D00594A,Analyses granulométriques par tamisage.,2
AgR-V,Agrément remblai-V,D00122A,Déterminations des limites d’Atterberg,3
AgR-V,Agrément remblai-V,D00161A,Essais au bleu de méthyléne,4
AgR-V,Agrément remblai-V,D00440A,Rapport d'agrément de Remblai,5
AgSB,Agrément sable pour béton ,D00745A,Prélevements sables pour béton,1
AgSB,Agrément sable pour béton ,D00594A,Analyses granulométriques par tamisage.,2
AgSB,Agrément sable pour béton ,D00413A,Essais d’équivalent de sable à 10% des fines,3
AgSB,Agrément sable pour béton ,D00143A,Mesures du coefficient d’absorption des sables,4
AgSB,Agrément sable pour béton ,D00746A,Rapport d'agrément sable pour béton,5
AgSBV,Agrément sable pour béton VRD,D00745A,Prélevements sables pour béton,1
AgSBV,Agrément sable pour béton VRD,D00594A,Analyses granulométriques par tamisage.,2
AgSBV,Agrément sable pour béton VRD,D00413A,Essais d’équivalent de sable à 10% des fines,3
AgSBV,Agrément sable pour béton VRD,D00143A,Mesures du coefficient d’absorption des sables,4
AgSBV,Agrément sable pour béton VRD,D00746A,Rapport d'agrément sable pour béton,5
AgTV,Agrément TV,D00441A,Prélevements GNT,1
AgTV,Agrément TV,D00594A,Analyses granulométriques par tamisage.,2
AgTV,Agrément TV,D00705A,Essais au bleu de méthyléne VB,3
AgTV,Agrément TV,D00413A,Essais d’équivalent de sable à 10% des fines,4
AgTV,Agrément TV,D00142A,Essais de dureté Los Angeles,5
AgTV,Agrément TV,D00420A,Essais Micro Deval,6
AgTV,Agrément TV,D00749A,Indices de concassage,7
AgTV,Agrément TV,D00122A,Déterminations des limites d’Atterberg,8
AgTV,Agrément TV,D00442A,Rapport d'agrément GNT,9
AgTV-V,Agrément TV-V,D00441A,Prélevements GNT,1
AgTV-V,Agrément TV-V,D00594A,Analyses granulométriques par tamisage.,2
AgTV-V,Agrément TV-V,D00705A,Essais au bleu de méthyléne VB,3
AgTV-V,Agrément TV-V,D00413A,Essais d’équivalent de sable à 10% des fines,4
AgTV-V,Agrément TV-V,D00142A,Essais de dureté Los Angeles,5
AgTV-V,Agrément TV-V,D00420A,Essais Micro Deval,6
AgTV-V,Agrément TV-V,D00749A,Indices de concassage,7
AgTV-V,Agrément TV-V,D00122A,Déterminations des limites d’Atterberg,8
AgTV-V,Agrément TV-V,D00442A,Rapport d'agrément GNT,9
Agg,Essais sur élements de maçonnerie en béton de granulats ,D00383,Prélevement des éléments de maconnerie en béton de granulats,1
Agg,Essais sur élements de maçonnerie en béton de granulats ,D00332,Essai de résistance à la compression des éléments de maconnerie en béton de granulats,2
Agg,Essais sur élements de maçonnerie en béton de granulats ,D00719,Mesure des caractéristiques dimensionnelle^^,3
Agg,Essais sur élements de maçonnerie en béton de granulats ,D00327,Essai d'absorption d'eau par capilarité sur des éléments de maconnerie en béton de granulats,4
Agg,Essais sur élements de maçonnerie en béton de granulats ,D00384,Rapport d'essai des éléments de maconnerie en béton de granulats,5
Air.Mt,Parametres météorologiques de l'air ambiant,D00491,Mise en station pour collecte des mésures,1
Air.Mt,Parametres météorologiques de l'air ambiant,D00499,Vitesse et direction du vent,2
Air.Mt,Parametres météorologiques de l'air ambiant,D00500,Température de l'air,3
Air.Mt,Parametres météorologiques de l'air ambiant,D00630,Humidité air,4
Air.Mt,Parametres météorologiques de l'air ambiant,D00501,Rapport des parametres météorologiques de l'Air,5
Air.PC,Parametres physico-chimiques de l'air ambiant,D00491,Mise en station pour collecte des mésures,1
Air.PC,Parametres physico-chimiques de l'air ambiant,D00492,Poussières PM 10,2
Air.PC,Parametres physico-chimiques de l'air ambiant,D00493,Mesure du monoxyde de carbone ,3
Air.PC,Parametres physico-chimiques de l'air ambiant,D00494,Mesure du dioxyde de soufre,4
Air.PC,Parametres physico-chimiques de l'air ambiant,D00495,Mesure du dioxyde d'azote,5
Air.PC,Parametres physico-chimiques de l'air ambiant,D00496,Mesure de l’ozone,6
Air.PC,Parametres physico-chimiques de l'air ambiant,D00485,Métaux dans l'air,7
Air.PC,Parametres physico-chimiques de l'air ambiant,D00497,Mesure du benzène,8
Air.PC,Parametres physico-chimiques de l'air ambiant,D00498,Rapport parametres phisico-chimiques de l'Air,9
Allu. minerg,Analyse minéralogique des profilés aluminium ,D00028,Prélevement de l'Alluminium,1
Allu. minerg,Analyse minéralogique des profilés aluminium ,D00029,Analyse minéralogique des profilés aluminium ,2
Allu. minerg,Analyse minéralogique des profilés aluminium ,D00030,Rapport d'essai minéralogie alluminium,3
Allu.colmg poro,Contrôle de colmatage et porosité de la menuiserie aluminium ,D00028,Prélevement de l'Alluminium,1
Allu.colmg poro,Contrôle de colmatage et porosité de la menuiserie aluminium ,D00069,Contrôle de colmatage et porosité de la menuiserie aluminium ,2
Allu.colmg poro,Contrôle de colmatage et porosité de la menuiserie aluminium ,D00070,Rapport d'essai colmatage et porosité aluminium ,3
Allu.ep,Contrôle de l’épaisseur pour la menuiserie aluminium ,D00028,Prélevement de l'Alluminium,1
Allu.ep,Contrôle de l’épaisseur pour la menuiserie aluminium ,D00060,Mesure d’épaisseur pour la menuiserie aluminium ,2
Allu.ep,Contrôle de l’épaisseur pour la menuiserie aluminium ,D00061,Rapport d'essai epaisseur alluminium,3
An Géot ST,Analyse géotechnique de stabilité de talus,D00527,Intervention d'ingénieur géotechnicien ,1
An Géot ST,Analyse géotechnique de stabilité de talus,D00532,Prélevement et échantillonage intact et/ou remanié pour analyse géotechnique de stabilité,3
An Géot ST,Analyse géotechnique de stabilité de talus,D00528,Levé précis des coupes lithologiques avec mention de toutes les observations utiles y/c reportage photographique ,3
An Géot ST,Analyse géotechnique de stabilité de talus,D00533,Essais de laboratoire*,4
An Géot ST,Analyse géotechnique de stabilité de talus,D00531,Intervention d'ingénieur Expert,4
An Géot ST,Analyse géotechnique de stabilité de talus,D00534,Etablissement de l'analyse géotechnique de stablité de talus avec recommandation en 03 exemplaires,5
Ang,Essai d'angularité,D00177,Prélevement de materiau pour essai Angularité,1
Ang,Essai d'angularité,D00178,Essai d'angularité,2
Ang,Essai d'angularité,D00179,Rapport d'essai Angularité,3
Assm Soud.dim,Contrôle dimensionnel des assemblages soudés (ISO 17635),D00098,Contrôle dimensionnel des assemblages soudés (ISO 17635),1
Assm Soud.dim,Contrôle dimensionnel des assemblages soudés (ISO 17635),D00099,Rapport d'essai C.Dimensionnel,2
Av Géot,Avis géotechnique,D00527,Intervention d'ingénieur géotechnicien ,1
Av Géot,Avis géotechnique,D00528,Levé précis des coupes lithologiques avec mention de toutes les observations utiles y/c reportage photographique ,3
Av Géot,Avis géotechnique,D00529,Etablissement du rapport de l'Avis Géotechnique en trois exemplaires,4
Av Géot-V,Avis géotechnique^,D00527,Intervention d'ingénieur géotechnicien ,1
Av Géot-V,Avis géotechnique^,D00529,Etablissement du rapport de l'Avis Géotechnique en trois exemplaires,3
Av Géot-V,Avis géotechnique^,D00528,Levé précis des coupes lithologiques avec mention de toutes les observations utiles y/c reportage photographique ,3
Barrage.spéc,Essais spéciaux sur Barrage,D00343,Prélevement pour essais spéciaux,1
Barrage.spéc,Essais spéciaux sur Barrage,D00344,Essai au vérin,2
Barrage.spéc,Essais spéciaux sur Barrage,D00345,Dispersivité par la méthode Pinhole test,3
Barrage.spéc,Essais spéciaux sur Barrage,D00346,Dispersivité par la méthode double sédimentométrie,4
Barrage.spéc,Essais spéciaux sur Barrage,D00347,Dispersivité par la méthode cation métallique,5
Barrage.spéc,Essais spéciaux sur Barrage,D00348,"Analyse minéralogique qualitative (diffraction aux rayons X)
",6
Barrage.spéc,Essais spéciaux sur Barrage,D00349,Analyse pétrographique sur lame mince,7
Barrage.spéc,Essais spéciaux sur Barrage,D00350,Determination de la teneur en matières organiques,8
Barrage.spéc,Essais spéciaux sur Barrage,D00351,Essai d'Abrasivité,9
Barrage.spéc,Essais spéciaux sur Barrage,D00352,Contrôle géométrique et dimensionnel des éléments de glissière et poids des glissières ,10
Barrage.spéc,Essais spéciaux sur Barrage,D00353,Contrôle du revêtement des glissières ,11
Barrage.spéc,Essais spéciaux sur Barrage,D00354,Vérification de conformité et réception des appareils d’appuis.,12
Barrage.spéc,Essais spéciaux sur Barrage,D00355,Perméabilité aux gaz,13
Barrage.spéc,Essais spéciaux sur Barrage,D00356,Porosité accessible à l'eau,14
Barrage.spéc,Essais spéciaux sur Barrage,D00357,Rapport d'essais Speciaux,15
Bet.spéc,Essais spéciaux sur béton,D00186,Carottage d’un élément de béton y/c l’installation par point,1
Bet.spéc,Essais spéciaux sur béton,D00548,Auscultation dynamique d’un échantillonnage du béton.,2
Bet.spéc,Essais spéciaux sur béton,D00361,PH du béton,6
Bet.spéc,Essais spéciaux sur béton,D00362,Profondeur de pénétration de l'eau,7
Bet.spéc,Essais spéciaux sur béton,D00363,Mesure de la masse volumique du béton durci,8
Bet.spéc,Essais spéciaux sur béton,D00365,Perméabilité à l’eau sur béton,10
Bet.spéc,Essais spéciaux sur béton,D00366,"Vérification de la composition ,le dosage des constituants",11
Bet.spéc,Essais spéciaux sur béton,D00367,Contrôle des performances mécaniques à la traction,12
Bet.spéc,Essais spéciaux sur béton,D00368,porosité sur béton,13
Bet.spéc,Essais spéciaux sur béton,D00369,Essai de l’alcali-réaction des constituants de la formulation du béton ,14
Bet.spéc,Essais spéciaux sur béton,D00370,Rapport d'essai Speciaux,15
Bit,Essais sur bitumes,D00041,Prélevement d'un échantillon de bitume,1
Bit,Essais sur bitumes,D00042,Essai du point de ramollissement bille et anneau,2
Bit,Essais sur bitumes,D00043,Essai de pénétrabilité à l’aiguille à 25 °C,3
Bit,Essais sur bitumes,D00044,Détermination de l’effet de la chaleur et de l’air sur les produits bitumineux (Pénétrabilité résiduelle),4
Bit,Essais sur bitumes,D00045,Mesure de l’élasticité des bitumes-Ductilité,5
Bit,Essais sur bitumes,D00046,Point d’éclair,6
Bit,Essais sur bitumes,D00047,Densité relative – la méthode du pycnomètre ,7
Bit,Essais sur bitumes,D00048,Teneur en paraffine,8
Bit,Essais sur bitumes,D00049,Solubilité,9
Bit,Essais sur bitumes,D00050,Essai de perte de masse au chauffage à 163°C,10
Bit,Essais sur bitumes,D00051,Retour élastique à 25°C et à 10°C,11
Bit,Essais sur bitumes,D00052,Rapport d'essai Bitume,12
Bois/Allu-1,"Essai AEV sur fenêtre en bois ou aluminium (perméabilité à l'Air, d'étanchéité à l'Eau et de résistance au Vent)",D00156,Perméabilité à l'Air sur fenêtre en bois ou aluminium,2
Bois/Allu-1,"Essai AEV sur fenêtre en bois ou aluminium (perméabilité à l'Air, d'étanchéité à l'Eau et de résistance au Vent)",D00157,Etanchéité à l'Eau sur fenêtre en bois ou aluminium,3
Bois/Allu-1,"Essai AEV sur fenêtre en bois ou aluminium (perméabilité à l'Air, d'étanchéité à l'Eau et de résistance au Vent)",D00158,Résistance au Vent  fenêtre en bois ou aluminium,4
Bois/Allu-1,"Essai AEV sur fenêtre en bois ou aluminium (perméabilité à l'Air, d'étanchéité à l'Eau et de résistance au Vent)",D00159,Rapport d'essai AEV B.allum,5
Bois/Allu-2,Contrôle de la conformité de mise en œuvre de la menuiserie,D00078,Contrôle de la conformité de mise en œuvre de la menuiserie,1
Bois/Allu-2,Contrôle de la conformité de mise en œuvre de la menuiserie,D00079,Rapport d'essai conformité menuiserie,2
Bois/Allu-3,Essai de résistance des portes en Menuiserie bois - aluminium  - métallique et ferronnerie ,D00218,Prélevement des portes ,1
Bois/Allu-3,Essai de résistance des portes en Menuiserie bois - aluminium  - métallique et ferronnerie ,D00219,Essai de résistance des portes en Menuiserie bois - aluminium  - métallique et ferronnerie ,2
Bois/Allu-3,Essai de résistance des portes en Menuiserie bois - aluminium  - métallique et ferronnerie ,D00220,Rapport d'essai RC Porte Menuiserie,3
Bois/Allu-4,"Essai de résistance à l'effraction des grilles, fenêtres et chassis",D00215,"Prélevement des grilles, fenêtres et chassis",1
Bois/Allu-4,"Essai de résistance à l'effraction des grilles, fenêtres et chassis",D00216,"Essai de résistance à l'effraction des grilles , fenêtres et chassis",2
Bois/Allu-4,"Essai de résistance à l'effraction des grilles, fenêtres et chassis",D00217,Rapport d'essai RC Grille,3
Bois/Allu-5,Contrôle de la qualité du bois de la menuiserie ,D00086,Prélevement d'un échantillon de bois,1
Bois/Allu-5,Contrôle de la qualité du bois de la menuiserie ,D00087,Contrôle de la qualité du bois de la menuiserie ,2
Bois/Allu-5,Contrôle de la qualité du bois de la menuiserie ,D00088,Rapport d'essai contrôle qualité menuiserie,3
Bois/Allu-6,Essais sur garde-corps ,D00183,Journé de technicien chargé de mission.,1
Bois/Allu-6,Essais sur garde-corps ,D00388,Essai sur garde corps,2
Bois/Allu-6,Essais sur garde-corps ,D00378,Etablissement du rapport d'essai garde corps en trois exemplaires,3
Bois/Allu-7,Essais et suivi des travaux des structures en bois,D00291,Prélevement et suivi des travaux ,1
Bois/Allu-7,Essais et suivi des travaux des structures en bois,D00292,Essais et suivi des travaux des structures en bois,2
Bois/Allu-7,Essais et suivi des travaux des structures en bois,D00293,Rapport d'essais et suivi des travaux des structures en bois,3
Bord,Essais sur bordure,D00371,Prélevement d'un échantillon de bordure,1
Bord,Essais sur bordure,D00372,Essai de flexion sur bordures de trottoir,2
Bord,Essais sur bordure,D00717,Mesure des caractéristique dimensionnelles ,3
Bord,Essais sur bordure,D00374,Rapport d'essai bordure,4
Boul,Contrôle des boulons,D00089,Prélevement des boulons,1
Boul,Contrôle des boulons,D00090,Contrôle des boulons,2
Boul,Contrôle des boulons,D00091,vérification de la conformité au CPS et identification de la classe de résistance des boulons et des élèments de fixation,3
Boul,Contrôle des boulons,D00092,Analyse chimique boulon,4
Boul,Contrôle des boulons,D00373,Mesure des caractéristiques dimensionnelles ,5
Boul,Contrôle des boulons,D00094,essai de traction (longueur> 40 mm et diamètre> 16mm) par diamètre de boulon et par classe de résistance,6
Boul,Contrôle des boulons,D00707,Essai de résilience (longueur> 65 mm et diamètre> 16mm) par diamètre de boulon et par classe de résistance,7
Boul,Contrôle des boulons,D00095,Rapport d'essai boulons,8
Briq,Essais sur élements de maçonnerie en terre cuite,D00385,Prélevement des éléments de maconnerie en terre cuite,1
Briq,Essais sur élements de maçonnerie en terre cuite,D00333,Essai de résistance à la compression des éléments de maconnerie en terre cuite,2
Briq,Essais sur élements de maçonnerie en terre cuite,D00721,Mesure caractéristiques dimensionnelle,3
Briq,Essais sur élements de maçonnerie en terre cuite,D00386,Essai d'absorption d'eau par capilarité sur des éléments de maconnerie en terre cuite,4
Briq,Essais sur élements de maçonnerie en terre cuite,D00387,Rapport d'essai des éléments de maconnerie en terre cuite,5
Buse.L,Essais sur buses,D00375,Prélevement des buses,1
Buse.L,Essais sur buses,D00254,Essai de résistance à la traction par flexion sur buse,2
Buse.L,Essais sur buses,D00718,Mesure des caractéristique dimensionnelle^,3
Buse.L,Essais sur buses,D00376,Etablissement du rapport d'essai sur buse en trois exemplaires,4
Buse.U,Assistance à l'usine pour essais sur buse,D00377,Assitance à l'usine pour écrasement des buses,1
Buse.U,Assistance à l'usine pour essais sur buse,D00376,Etablissement du rapport d'essai sur buse en trois exemplaires,4
Bét.rc,Essai de résistance à la compression simple sur éprouvette béton,D00186,Carottage d’un élément de béton y/c l’installation par point,1
Bét.rc,Essai de résistance à la compression simple sur éprouvette béton,D00459,Essai de résistance à la compression simple sur carottes prélevées sur béton,2
Bét.rc,Essai de résistance à la compression simple sur éprouvette béton,D00514,Rapport d'essai RC Béton,3
Bét.tr,Essai de traction d’un béton ,D00063,Déplacement de technicien pour contrôle,1
Bét.tr,Essai de traction d’un béton ,D00064,Essai d'affaissement au cône d’Abrams.,2
Bét.tr,Essai de traction d’un béton ,D00065,La confection de six éprouvettes cylindriques H32/16 ,3
Bét.tr,Essai de traction d’un béton ,D00222,Essai de résistance à la traction par flexion du béton,4
Bét.tr,Essai de traction d’un béton ,D00591,Essai de résistance à la traction par fendage du béton,5
Bét.tr,Essai de traction d’un béton ,D00223,Rapport d'essai traction béton ,6
CAB,Etalonnage de la centrale à béton,D00183,Journé de technicien chargé de mission.,1
CAB,Etalonnage de la centrale à béton,D00407,"Etalonnage des bascules des agrégats,du ciment et du conteur d'eau",2
CAB,Etalonnage de la centrale à béton,D00395,Etablissement du rapport d'essai CAB en trois exemplaires,3
CB,Contrôle de béton,D00063,Déplacement de technicien pour contrôle,1
CB,Contrôle de béton,D00064,Essai d'affaissement au cône d’Abrams.,2
CB,Contrôle de béton,D00065,La confection de six éprouvettes cylindriques H32/16 ,3
CB,Contrôle de béton,D00066,La confection de neuf éprouvettes cylindriques H32/16 ,4
CB,Contrôle de béton,D00731,Essai de résistance à la compression de béton 7 et 28j,5
CB,Contrôle de béton,D00243,Rapport de contrôle de béton,6
CB-RB,Contrôle béton RB,DV0002,Descriptif 2,0
CB-RB,Contrôle béton RB,DV0004,Descriptif 4,2
CB-RB,Contrôle béton RB,DV0003,Descriptif 3,4
CB-RB,Contrôle béton RB,DV0001,Descriptif 1,5
CBR,Essai CBR,D00163,Prélevement de matériau pour essai CBR,1
CBR,Essai CBR,D00164,Essai CBR,2
CBR,Essai CBR,D00165,Rapport CBR,3
CC,Contrôle de compacité  ,D00063,Déplacement de technicien pour contrôle,1
CC,Contrôle de compacité  ,D00071,Mesure de la densité au densitomètre à membrane ,2
CC,Contrôle de compacité  ,D00729,Mesure  de la teneur en eau du prélevement,3
CC,Contrôle de compacité  ,D00194,Rapport de contrôle de compacité,4
CC-RB,Contrôle compacité RB,DV0001,Descriptif 1,1
CC-RB,Contrôle compacité RB,DV0002,Descriptif 2,2
CC-RB,Contrôle compacité RB,DV0003,Descriptif 3,3
CC-RB,Contrôle compacité RB,DV0004,Descriptif 4,4
CC-RB,Contrôle compacité RB,DV0005,Descriptif 5,5
CC-V,Contrôle de compacité^,D00063,Déplacement de technicien pour contrôle,1
CC-V,Contrôle de compacité^,D00071,Mesure de la densité au densitomètre à membrane ,2
CC-V,Contrôle de compacité^,D00194,Rapport de contrôle de compacité,3
CC-V,Contrôle de compacité^,D00729,Mesure  de la teneur en eau du prélevement,3
CND,Contrôle non déstructif du méttal,D00100,Contrôle par ultra-sons ( ISO 17640),4
CND,Contrôle non déstructif du méttal,D00101,Contrôle par magnétoscopie (ISO 17638),5
CND,Contrôle non déstructif du méttal,D00102,Contrôle par ressuage (ISO 12706),6
CND,Contrôle non déstructif du méttal,D00103,Contrôle de multiéléments par Phase d’Array,7
CND,Contrôle non déstructif du méttal,D00104,Etablissement du rapport CND en 03 exemplaires,8
CNDA,Contrôle non déstructif des assemblages soudés,D00098,Contrôle dimensionnel des assemblages soudés (ISO 17635),4
CNDA,Contrôle non déstructif des assemblages soudés,D00110,Contrôle non destructif de compacité de réception des assemblages soudés par radiographie (ISO17636-1),5
CNDA,Contrôle non déstructif des assemblages soudés,D00111,Contrôle non destructif de surface des assemblages soudés par magnétoscopie (ISO 17638),6
CNDA,Contrôle non déstructif des assemblages soudés,D00112,Contrôle non destructif de surface des assemblages soudés par courant de Foucault (ISO12718),7
CNDA,Contrôle non déstructif des assemblages soudés,D00096,Contrôle des couples de serrage des boulons,8
CNDA,Contrôle non déstructif des assemblages soudés,D00541,Contrôle non destructif de surface des assemblages soudés par ressuage (ISO 12706),9
CNDA,Contrôle non déstructif des assemblages soudés,D00113,Contrôle visuel des soudures suivants la norme NF-EN-ISO17637,10
CNDA,Contrôle non déstructif des assemblages soudés,D00114,Rapport d'essai CNDA,11
Carr,Essais sur carreaux,D00054,Prélevement des carreaux,1
Carr,Essais sur carreaux,D00380,Essai de flexion sur careaux,2
Carr,Essais sur carreaux,D00381,Essai d'absorption d'eau par capilarité sur carreaux,3
Carr,Essais sur carreaux,D00382,Rapport d'essai carreaux,4
Carr.UPEC,Classement UPEC des carreaux,D00054,Prélevement des carreaux,1
Carr.UPEC,Classement UPEC des carreaux,D00055,Classement UPEC des carreaux,2
Carr.UPEC,Classement UPEC des carreaux,D00056,Rapport d'essai UPEC carreaux,3
Chape,Essais sur chape,D00536,Prélevement et échantillonnage pour essais sur chape,1
Chape,Essais sur chape,D00538,Essai d'identification de sable,2
Chape,Essais sur chape,D00537,Essai de résistance à la compression de la chape,3
Chape,Essais sur chape,D00539,Etablissement du rapport d'essai sur chape en trois exemplaires,4
Cmt.chimic,Essais chimiques sur ciment,D00288,Prélevement de Ciment,1
Cmt.chimic,Essais chimiques sur ciment,D00289,Essais chimiques sur ciment,2
Cmt.chimic,Essais chimiques sur ciment,D00290,Rapport d'essai chimie Ciment,3
Cmt.rc,Essais mécaniques sur ciment,D00288,Prélevement de Ciment,1
Cmt.rc,Essais mécaniques sur ciment,D00294,Essais mécaniques sur ciment,2
Cmt.rc,Essais mécaniques sur ciment,D00295,Rapport d'essai RC ciment,3
Cmt/Mort.D.dsg,Essai de contrôle de dosage en ciment d'un béton ou d'un mortier durci,D00739,Prélevement de Béton ou Mortier durci pour dosage ciment ,1
Cmt/Mort.D.dsg,Essai de contrôle de dosage en ciment d'un béton ou d'un mortier durci,D00740,Dosage en ciment d'un béton ou d'un mortier durci,2
Cmt/Mort.D.dsg,Essai de contrôle de dosage en ciment d'un béton ou d'un mortier durci,D00126,Essai accéléré à l’autoclave sur mortier,3
Cmt/Mort.D.dsg,Essai de contrôle de dosage en ciment d'un béton ou d'un mortier durci,D00127,Rapport d'essai dosage ciment,4
Cmt/Mort.dsg,Essai de contrôle de dosage en ciment d'un béton ou d'un mortier frais,D00124,Prélevement de Béton ou Mortier frais  pour dosage ciment ,1
Cmt/Mort.dsg,Essai de contrôle de dosage en ciment d'un béton ou d'un mortier frais,D00125,Dosage en ciment d'un béton ou d'un mortier frais,2
Cmt/Mort.dsg,Essai de contrôle de dosage en ciment d'un béton ou d'un mortier frais,D00127,Rapport d'essai dosage ciment,4
Coul.Inj,Essais sur coulis d'injection,D00716,Prélevement d'un échantillon de coulis d'injection frais,1
Coul.Inj,Essais sur coulis d'injection,D00239,Détermination de la viscosité,3
Coul.Inj,Essais sur coulis d'injection,D00367,Contrôle des performances mécaniques à la traction,4
Coul.Inj,Essais sur coulis d'injection,D00715,Contrôle des performances mécaniques à la compréssion,5
Coul.Inj,Essais sur coulis d'injection,D00714,Etablissement du rapport d'essai sur chape en trois exemplaires,6
DV,Divers,DV0001,Descriptif 1,1
DV,Divers,DV0002,Descriptif 2,2
DV,Divers,DV0003,Descriptif 3,3
DV,Divers,DV0004,Descriptif 4,4
DV,Divers,DV0005,Descriptif 5,5
DV,Divers,DV0006,Descriptif 6,6
DV,Divers,DV0007,Descriptif 7,7
DV,Divers,DV0008,Descriptif 8,8
DV,Divers,DV0009,Descriptif 9,9
DV,Divers,DV0010,Descriptif 10,10
DV,Divers,DV0011,Descriptif 11,11
DV,Divers,DV0012,Descriptif 12,12
DV,Divers,DV0013,Descriptif 13,13
DV,Divers,DV0014,Descriptif 14,14
DV,Divers,DV0015,Descriptif 15,15
DV,Divers,DV0016,Descriptif 16,16
DV,Divers,DV0017,Descriptif 17,17
DV,Divers,DV0018,Descriptif 18,18
DV,Divers,DV0019,Descriptif 19,19
DV,Divers,DV0020,Descriptif 20,20
DV,Divers,DV0021,Descriptif 21,21
DV,Divers,DV0022,Descriptif 22,22
DV,Divers,DV0023,Descriptif 23,23
DV,Divers,DV0024,Descriptif 24,24
DV,Divers,DV0025,Descriptif 25,25
DV,Divers,DV0026,Descriptif 26,26
DV,Divers,DV0027,Descriptif 27,27
DV,Divers,DV0028,Descriptif 28,28
DV,Divers,DV0029,Descriptif 29,29
DV,Divers,DV0030,Descriptif 30,30
DVG,Divers Etude,DV0001,Descriptif 1,1
DVG,Divers Etude,DV0002,Descriptif 2,2
DVG,Divers Etude,DV0003,Descriptif 3,3
DVG,Divers Etude,DV0004,Descriptif 4,4
DVG,Divers Etude,DV0005,Descriptif 5,5
DVG,Divers Etude,DV0006,Descriptif 6,6
DVG,Divers Etude,DV0007,Descriptif 7,7
DVG,Divers Etude,DV0008,Descriptif 8,8
DVG,Divers Etude,DV0009,Descriptif 9,9
DVG,Divers Etude,DV0010,Descriptif 10,10
DVG,Divers Etude,DV0011,Descriptif 11,11
DVG,Divers Etude,DV0012,Descriptif 12,12
DVG,Divers Etude,DV0013,Descriptif 13,13
DVG,Divers Etude,DV0014,Descriptif 14,14
DVG,Divers Etude,DV0015,Descriptif 15,15
DVG,Divers Etude,DV0016,Descriptif 16,16
DVG,Divers Etude,DV0017,Descriptif 17,17
DVG,Divers Etude,DV0018,Descriptif 18,18
DVG,Divers Etude,DV0019,Descriptif 19,19
DVG,Divers Etude,DV0020,Descriptif 20,20
DVG,Divers Etude,DV0021,Descriptif 21,21
DVG,Divers Etude,DV0022,Descriptif 22,22
DVG,Divers Etude,DV0024,Descriptif 24,24
DVG,Divers Etude,DV0025,Descriptif 25,25
DVG,Divers Etude,DV0026,Descriptif 26,26
DVG,Divers Etude,DV0027,Descriptif 27,27
DVG,Divers Etude,DV0028,Descriptif 28,28
DVG,Divers Etude,DV0029,Descriptif 29,29
DVG,Divers Etude,DV0030,Descriptif 30,30
Dall.charg,Essais de chargement d'une dalle,D00188,Amené et repli du materiel y/c l'installation et désinstallation des équipement de mesure,1
Dall.charg,Essais de chargement d'une dalle,D00183,Journé de technicien chargé de mission.,1
Dall.charg,Essais de chargement d'une dalle,D00189,"Location des masses de chargement (masse,sac et /ou ciment)",2
Dall.charg,Essais de chargement d'une dalle,D00271,Essai de chargement d'une dalle ( cycle de chargement /déchargement pendant 48 heures selon le mode LPC),3
Dall.charg,Essais de chargement d'une dalle,D00560,Etablissement du rapport d'essai de chargement d'une dalle en trois exemplaires,5
Deval,Essai MDE,D00229,Prélevement de materiau pour essai MDE,1
Deval,Essai MDE,D00231,Rapport d'essai MDE,3
Deval,Essai MDE,D00420,Essai Micro Deval,7
Dg.site,Diagnostic sur site ,D00036,Amené et repli du materiel et du personel,1
Dg.site,Diagnostic sur site ,D00543,Réalisation des sondages de reconnaissance pour déterminer le mode de fondation retenu et les dimensions des semelles existantes,2
Dg.site,Diagnostic sur site ,D00528,Levé précis des coupes lithologiques avec mention de toutes les observations utiles y/c reportage photographique ,3
Dg.site,Diagnostic sur site ,D00544,Relevé de l’état et les anomalies observées par le biais d'un fissurimètre,4
Dg.site,Diagnostic sur site ,D00155,Prélevement et échantillonage intact et/ou remanié pour diagnostic,5
Dg.site,Diagnostic sur site ,D00209,Auscultation sclérométrique d’un échantillonnage du béton..,6
Dg.site,Diagnostic sur site ,D00213,Auscultation dynamique d’un échantillonnage du béton..,7
Dg.site,Diagnostic sur site ,D00359,Auscultation magnétique des armatures par le test PACHOMETRE,8
Dg.site,Diagnostic sur site ,D00545,Essai de carbonatation par le test phénophtaleine,9
Dg.site,Diagnostic sur site ,D00546,Mesure du degré de potentiel de la corossion par le biais d'un corrosivimètre,10
Dg.site,Diagnostic sur site ,D00469,Mesure de l'épaisseur des carottes à béton prélevées,12
Dg.site,Diagnostic sur site ,D00459,Essai de résistance à la compression simple sur carottes prélevées sur béton,13
Dg.site,Diagnostic sur site ,D00549,Diagnostic des structures par un contrôle radio (Géo-radar) des différents profils existants,14
Dg.site,Diagnostic sur site ,D00531,Intervention d'ingénieur Expert,15
Dg.site,Diagnostic sur site ,D00550,Intervention de Technicien chargé de l'expertise,16
Dg.site,Diagnostic sur site ,D00551,Avis sur l'étanchièté mise en place,17
Dg.site,Diagnostic sur site ,D00552,Diagnostic des structures métalliques existantes et contrôle radio des soudures des différents profils existants,18
Dg.site,Diagnostic sur site ,D00553,Inventaire sur les anomalies et les désordres,19
Dg.site,Diagnostic sur site ,D00554,"Analyse des documents techniques,et interprétations",20
Dg.site,Diagnostic sur site ,D00598,Avis technique sur le viellissement et la durabilité des matériaux de la structure,21
Dg.site,Diagnostic sur site ,D00601,Diagnostic technique du réseau plomberie,22
Dg.site,Diagnostic sur site ,D00602,Vérification du réseau d'assainissement,23
Dg.site,Diagnostic sur site ,D00603,Etablissement des plans de structure de l'existant et des éléments principaux en trois exemplaires,24
Dg.site,Diagnostic sur site ,D00067,Mesure de la densité au densitomètre a membranee.,25
Dg.site,Diagnostic sur site ,D00665,Impact du réseau d'assainissement sur le projet,26
Dg.site,Diagnostic sur site ,D00606,Suivi et le controle de la bonne execution des travaux de l'entreprise,27
Dg.site,Diagnostic sur site ,D00555,Etablissement de la synthése de diagnostic sur site en trois exemplaires,28
Dg.site-V,Diagnostic sur site^,D00036,Amené et repli du materiel et du personel,1
Dg.site-V,Diagnostic sur site^,D00556,Réalisation des sondages de reconnaissance pour déterminer la structure de la chaussée existantes,2
Dg.site-V,Diagnostic sur site^,D00528,Levé précis des coupes lithologiques avec mention de toutes les observations utiles y/c reportage photographique ,3
Dg.site-V,Diagnostic sur site^,D00531,Intervention d'ingénieur Expert,4
Dg.site-V,Diagnostic sur site^,D00550,Intervention de Technicien chargé de l'expertise,5
Dg.site-V,Diagnostic sur site^,D00155,Prélevement et échantillonage intact et/ou remanié pour diagnostic,6
Dg.site-V,Diagnostic sur site^,D00558,Essai d'extraction du revêtement superficiel en bicouche,7
Dg.site-V,Diagnostic sur site^,D00397,Mesure de l'épaisseur des carottes prélevées VRD,9
Dg.site-V,Diagnostic sur site^,D00444,Mesure de la masse volumique apparente par pesée hydrostatique sur carottes d’enrobés,10
Dg.site-V,Diagnostic sur site^,D00553,Inventaire sur les anomalies et les désordres,11
Dg.site-V,Diagnostic sur site^,D00598,Avis technique sur le viellissement et la durabilité des matériaux de la structure,12
Dg.site-V,Diagnostic sur site^,D00067,Mesure de la densité au densitomètre a membranee.,13
Dg.site-V,Diagnostic sur site^,D00665,Impact du réseau d'assainissement sur le projet,14
Dg.site-V,Diagnostic sur site^,D00555,Etablissement de la synthése de diagnostic sur site en trois exemplaires,15
Ductil,Essai de ductilité à 25°c,D00041,Prélevement d'un échantillon de bitume,1
Ductil,Essai de ductilité à 25°c,D00045,Mesure de l’élasticité des bitumes-Ductilité,2
Ductil,Essai de ductilité à 25°c,D00198,Rapport d'essai ductilité,3
Duriez,Essai Duriez,D00247,Prélevement de materiau pour essai Duriez,1
Duriez,Essai Duriez,D00248,Essai Duriez sur mélanges hydrocarbonés à chaud,2
Duriez,Essai Duriez,D00249,Essai Duriez sur mélanges hydrocarbonés à froid,3
Duriez,Essai Duriez,D00250,Rapport d'essai Duriez,4
Dynm,Auscultation dynamique du béton durci,D00068,Amené et repli du materiel et du personnel.,1
Dynm,Auscultation dynamique du béton durci,D00037,Auscultation dynamique d’un échantillonnage du béton,2
Dynm,Auscultation dynamique du béton durci,D00038,Dépouillement et interpretation des résultats d'auscultation dynamique,3
Dà25°,Mesure de densité relative à 25 °c,D00041,Prélevement d'un échantillon de bitume,1
Dà25°,Mesure de densité relative à 25 °c,D00196,Essai de densité relative à 25 °c,2
Dà25°,Mesure de densité relative à 25 °c,D00197,Rapport d'essai densité relative à 25 °c,3
E Plaq,Essai à la plaque,D00149,Amene et repli de materiel pour essai à la plaque,1
E Plaq,Essai à la plaque,D00150,Installation par point d'essai,2
E Plaq,Essai à la plaque,D00153,Essai de portance des plates- formes: Module sous chargement statique à la plaque avec la mise à disposition du camion à votre charge,4
E Plaq,Essai à la plaque,D00154,Etablissement du rapport d'essai de plaque en trois exemplaires,5
E PlaqV,Essai à la plaque^,D00149,Amene et repli de materiel pour essai à la plaque,1
E PlaqV,Essai à la plaque^,D00150,Installation par point d'essai,2
E PlaqV,Essai à la plaque^,D00153,Essai de portance des plates- formes: Module sous chargement statique à la plaque avec la mise à disposition du camion à votre charge,4
E PlaqV,Essai à la plaque^,D00154,Etablissement du rapport d'essai de plaque en trois exemplaires,5
E.Chargmt,Essai de chargement d'une plate forme,D00188,Amené et repli du materiel y/c l'installation et désinstallation des équipement de mesure,1
E.Chargmt,Essai de chargement d'une plate forme,D00183,Journé de technicien chargé de mission.,2
E.Chargmt,Essai de chargement d'une plate forme,D00189,"Location des masses de chargement (masse,sac et /ou ciment)",3
E.Chargmt,Essai de chargement d'une plate forme,D00190,Essai de chargement de la plate forme ( cycle de chargement /déchargement pendant 48 heures selon le mode LPC),4
E.Chargmt,Essai de chargement d'une plate forme,D00191,Etablissement du rapport d'essai de chargement de la plate forme en trois exemplaires,5
E.Cvn CB,Essai de convenance sur centrale à béton,D00760,Suivi d'affaissement au cône d’Abrams.,1
E.Cvn CB,Essai de convenance sur centrale à béton,D00731,Essai de résistance à la compression de béton 7 et 28j,2
E.Cvn CB,Essai de convenance sur centrale à béton,D00193,Réalisation de la gachée au chantier en respectant le dosage théorique,3
E.Cvn CB,Essai de convenance sur centrale à béton,D00522,Vérification du ferraillage existant à l'aide du ferroscan ,4
E.Perméa,Essai de perméabilité du sol,D00073,Amené et repli du matériels et de l'équipe de sondage.,1
E.Perméa,Essai de perméabilité du sol,D00183,Journé de technicien chargé de mission.,2
E.Perméa,Essai de perméabilité du sol,D00117,Réalisation de sondage manuel pour essai de perméabilité,3
E.Perméa,Essai de perméabilité du sol,D00401,Réalisation de sondage à la pelle mécanique pour essai de perméabilité,4
E.Perméa,Essai de perméabilité du sol,D00118,Réalisation de sondage carotté pour essai de perméabilité,5
E.Perméa,Essai de perméabilité du sol,D00119,Essai lefranc pour l'evaluation de la capacité d'infiltration,6
E.Perméa,Essai de perméabilité du sol,D00120,Etablissement du rapport d'essai perméabilité du sol en trois exemplaires,7
E.carott-V,Essai de carottage^,D00068,Amené et repli du materiel et du personnel.,1
E.carott-V,Essai de carottage^,D00185,Installation par point de la carotteuse,2
E.carott-V,Essai de carottage^,D00255,Carottage d'un échantillonnage de point VRD,3
E.carott-V,Essai de carottage^,D00397,Mesure de l'épaisseur des carottes prélevées VRD,4
E.carott-V,Essai de carottage^,D00398,Essai de résistance à la compression simple sur carottes prélevées VRD,5
E.carott-V,Essai de carottage^,D00256,Etablissement du rapport Carottage VRD en trois exemplaires,6
E.carottB,Essai de Carottage de béton,D00186,Carottage d’un élément de béton y/c l’installation par point,1
E.carottB,Essai de Carottage de béton,D00068,Amené et repli du materiel et du personnel.,1
E.carottB,Essai de Carottage de béton,D00185,Installation par point de la carotteuse,2
E.carottB,Essai de Carottage de béton,D00469,Mesure de l'épaisseur des carottes à béton prélevées,4
E.carottB,Essai de Carottage de béton,D00459,Essai de résistance à la compression simple sur carottes prélevées sur béton,5
E.carottB,Essai de Carottage de béton,D00187,Etablissement du rapport Carottage de béton en trois exemplaires,6
E.carottB,Essai de Carottage de béton,D00591,Essai de résistance à la traction par fendage du béton,7
E.fil gabion,Essais sur fil de gabion,D00268,Prélevement de fil de gabion,1
E.fil gabion,Essais sur fil de gabion,D00269,Essai de pliage dépliage sur fil de gabion,2
E.fil gabion,Essais sur fil de gabion,D00270,Essai de traction sur fil de gabion,3
E.fil gabion,Essais sur fil de gabion,D00722,Mesure des caractéristiques diimensionnelle,3
E.fil gabion,Essais sur fil de gabion,D00272,Rapport d'essai sur fil de gabion,5
EB.PCG,Essai à la PCG sur l’EB 0/10mm,D00146,Prélevement EB pr PCG,1
EB.PCG,Essai à la PCG sur l’EB 0/10mm,D00147,Essai à la PCG sur l’EB 0/10mm,2
EB.PCG,Essai à la PCG sur l’EB 0/10mm,D00148,Rapport d'essai PCG,3
EB.carott,Essai de carottage de l'enrobé bitumineux pour contrôle d'épaisseur de la couche,D00444,Mesure de la masse volumique apparente par pesée hydrostatique sur carottes d’enrobés,2
EB.carott,Essai de carottage de l'enrobé bitumineux pour contrôle d'épaisseur de la couche,D00423,Mesure de l'epaisseur des enrobés bitumineux,2
EB.carott,Essai de carottage de l'enrobé bitumineux pour contrôle d'épaisseur de la couche,D00053,Carottage des enrobés bitumineux y/c l’installation par point,2
EB.carott,Essai de carottage de l'enrobé bitumineux pour contrôle d'épaisseur de la couche,D00424,Etablissement du rapport d'essai carottage de l'enrobé en trois exemplaires,3
EB.carott,Essai de carottage de l'enrobé bitumineux pour contrôle d'épaisseur de la couche,D00068,Amené et repli du materiel et du personnel.,4
EB.carott,Essai de carottage de l'enrobé bitumineux pour contrôle d'épaisseur de la couche,D01749,Détermination de l'indice des vides des enrobés bitumineux,6
EB.carott,Essai de carottage de l'enrobé bitumineux pour contrôle d'épaisseur de la couche,D01750,Mesure de la compacité des enrobés bitumineux,7
EB.dst,Mesure de la densité de l'enrobé par carottage ,D00053,Carottage des enrobés bitumineux y/c l’installation par point,1
EB.dst,Mesure de la densité de l'enrobé par carottage ,D00444,Mesure de la masse volumique apparente par pesée hydrostatique sur carottes d’enrobés,2
EB.dst,Mesure de la densité de l'enrobé par carottage ,D00450,Rapport d'essai densité,3
ECND,Expertise non déstructive du méttal,D00115,Amene et repli du matériel et de l'équipe de sondage,1
ECND,Expertise non déstructive du méttal,D00285,Intervention d'un opérateur qualifié,2
ECND,Expertise non déstructive du méttal,D00093,Intervention d'ingénieur sénior,3
ECND,Expertise non déstructive du méttal,D00100,Contrôle par ultra-sons ( ISO 17640),4
ECND,Expertise non déstructive du méttal,D00101,Contrôle par magnétoscopie (ISO 17638),5
ECND,Expertise non déstructive du méttal,D00102,Contrôle par ressuage (ISO 12706),6
ECND,Expertise non déstructive du méttal,D00103,Contrôle de multiéléments par Phase d’Array,7
ECND,Expertise non déstructive du méttal,D00542,Etablissement du rapport Expertise SM en 03 exemplaires,11
ECNDA,Expertise non déstructive des assemblages soudés,D00115,Amene et repli du matériel et de l'équipe de sondage,1
ECNDA,Expertise non déstructive des assemblages soudés,D00285,Intervention d'un opérateur qualifié,2
ECNDA,Expertise non déstructive des assemblages soudés,D00093,Intervention d'ingénieur sénior,3
ECNDA,Expertise non déstructive des assemblages soudés,D00098,Contrôle dimensionnel des assemblages soudés (ISO 17635),4
ECNDA,Expertise non déstructive des assemblages soudés,D00110,Contrôle non destructif de compacité de réception des assemblages soudés par radiographie (ISO17636-1),5
ECNDA,Expertise non déstructive des assemblages soudés,D00111,Contrôle non destructif de surface des assemblages soudés par magnétoscopie (ISO 17638),6
ECNDA,Expertise non déstructive des assemblages soudés,D00112,Contrôle non destructif de surface des assemblages soudés par courant de Foucault (ISO12718),7
ECNDA,Expertise non déstructive des assemblages soudés,D00096,Contrôle des couples de serrage des boulons,8
ECNDA,Expertise non déstructive des assemblages soudés,D00541,Contrôle non destructif de surface des assemblages soudés par ressuage (ISO 12706),9
ECNDA,Expertise non déstructive des assemblages soudés,D00113,Contrôle visuel des soudures suivants la norme NF-EN-ISO17637,10
ECNDA,Expertise non déstructive des assemblages soudés,D00542,Etablissement du rapport Expertise SM en 03 exemplaires,11
EF,Etude de formulation de béton ,D00408,Prélevement des agrégats pour vérificaion de formulation de béton,1
EF,Etude de formulation de béton ,D00409,Réalisation de la gachée expérimentale au laboratoire,2
EF,Etude de formulation de béton ,D00763,"Essais physiques sur granulats (Granulométrie,Los Angeles,Applatissement,Proproté,Equivalent de Sable,Absorption,Masse volumique en vrac,Masse volumique spécifique)",3
EF,Etude de formulation de béton ,D00777,Essais chimiques sur granulats,4
EF,Etude de formulation de béton ,D00731,Essai de résistance à la compression de béton 7 et 28j,5
EF,Etude de formulation de béton ,D00417,Etablissement du rapport de formulation en trois exemplaires,6
EF.EB,Etude de formulation pour enrobé,D00770,"Essais sur bitume (Point de ramollissement,Pénetrabilité à l'aiguille,Densité relative au pycno,Point d'eclair,Perte de masse,Solubilité,Teneur en paraffine,Penetration résiduelle)",2
EF.EB,Etude de formulation pour enrobé,D00771,"Essais sur enrobé (Essai Marshal,Essai Duriez,Module de complexe,Essai oriniérage,Essai PCG)",5
EF.EB,Etude de formulation pour enrobé,D00764,Prélevement des matériaux pour Formulation enrobés,7
EF.EB,Etude de formulation pour enrobé,D00769,"Essais sur granulats d'enrobé (Granulométrie,Los Angeles,Micro deval,Proproté,Equivalent de Sable,Masse volumique en vrac,Masse volumique spécifique)",12
EF.EB,Etude de formulation pour enrobé,D00422,Rapport d'essai EF Enrobé,13
EFS,Etude spéciale de formulation de béton,D00762,Prélevement des agrégats pour FB spéciale,1
EFS,Etude spéciale de formulation de béton,D00409,Réalisation de la gachée expérimentale au laboratoire,2
EFS,Etude spéciale de formulation de béton,D00763,"Essais physiques sur granulats (Granulométrie,Los Angeles,Applatissement,Proproté,Equivalent de Sable,Absorption,Masse volumique en vrac,Masse volumique spécifique)",3
EFS,Etude spéciale de formulation de béton,D00411,Mesures des masses volumiques apparentes,4
EFS,Etude spéciale de formulation de béton,D00410,Mesure de la masse volumique spécifique des granulats,5
EFS,Etude spéciale de formulation de béton,D00666,Mesure de la masse volumique spécifique des sables,6
EFS,Etude spéciale de formulation de béton,D00777,Essais chimiques sur granulats,7
EFS,Etude spéciale de formulation de béton,D00768,"Essais sur adjuvant (Densité,PH,Extrait sec,Teneur en chlorure, Oxyde de sodium équivalent)",8
EFS,Etude spéciale de formulation de béton,D00765,"Essais sur ciment (Caractéristiques physiques, Analyses chimiques, Détermination des constituants)",9
EFS,Etude spéciale de formulation de béton,D00766,"Essais sur eau (huile graisse détergent,couleur, odeur, PH,matiére en suspension,chlorure, sulfate, amonium)",10
EFS,Etude spéciale de formulation de béton,D00767,"Essais de durabilité sur béton (Porosité à l'eau,Perméabilité à l'eau,Perméabilité à gaz,Migrabilité des ions chlorure,Carbonatation,Lixivation à PH constant,Gel,Absorption d'eau,Alcali-réaction)",11
EFS,Etude spéciale de formulation de béton,D00417,Etablissement du rapport de formulation en trois exemplaires,12
ES,Essai d'équivalent de sable,D00224,Prélevement de materiau pour essai équivalent de sable,1
ES,Essai d'équivalent de sable,D00226,Rapport d'essai ES,3
ES,Essai d'équivalent de sable,D00225,Essai d’équivalent de sable ,5
EXT,Divers Expertise,DV0001,Descriptif 1,1
EXT,Divers Expertise,DV0002,Descriptif 2,2
EXT,Divers Expertise,DV0003,Descriptif 3,3
EXT,Divers Expertise,DV0004,Descriptif 4,4
EXT,Divers Expertise,DV0005,Descriptif 5,5
EXT,Divers Expertise,DV0006,Descriptif 6,6
EXT,Divers Expertise,DV0007,Descriptif 7,7
EXT,Divers Expertise,DV0008,Descriptif 8,8
EXT,Divers Expertise,DV0009,Descriptif 9,9
EXT,Divers Expertise,DV0010,Descriptif 10,10
EXT,Divers Expertise,DV0011,Descriptif 11,11
EXT,Divers Expertise,DV0012,Descriptif 12,12
EXT,Divers Expertise,DV0013,Descriptif 13,13
EXT,Divers Expertise,DV0014,Descriptif 14,14
EXT,Divers Expertise,DV0015,Descriptif 15,15
EXT,Divers Expertise,DV0016,Descriptif 16,16
EXT,Divers Expertise,DV0017,Descriptif 17,17
EXT,Divers Expertise,DV0018,Descriptif 18,18
EXT,Divers Expertise,DV0019,Descriptif 19,19
EXT,Divers Expertise,DV0020,Descriptif 20,20
EXT,Divers Expertise,DV0021,Descriptif 21,21
EXT,Divers Expertise,DV0022,Descriptif 22,22
EXT,Divers Expertise,DV0024,Descriptif 24,24
EXT,Divers Expertise,DV0025,Descriptif 25,25
EXT,Divers Expertise,DV0026,Descriptif 26,26
EXT,Divers Expertise,DV0027,Descriptif 27,27
EXT,Divers Expertise,DV0028,Descriptif 28,28
EXT,Divers Expertise,DV0029,Descriptif 29,29
EXT,Divers Expertise,DV0030,Descriptif 30,30
Ea.Bct,Essais bacteriologiques de l'eau,D00296,Prélevement d'un échantillon d'eau,1
Ea.Bct,Essais bacteriologiques de l'eau,D00297,Dénombrement de micro-organismes revifiable à 22°C,2
Ea.Bct,Essais bacteriologiques de l'eau,D00298,Dénombrement de micro-organismes revifiable à 36°C,3
Ea.Bct,Essais bacteriologiques de l'eau,D00299,Clostridium sulfito-réducteur,4
Ea.Bct,Essais bacteriologiques de l'eau,D00300,Dénombrement de coliformes totaux,5
Ea.Bct,Essais bacteriologiques de l'eau,D00301,Dénombrement d'Escherichia coli,6
Ea.Bct,Essais bacteriologiques de l'eau,D00302,Dénombrement des entérocoques intertinaux,7
Ea.Bct,Essais bacteriologiques de l'eau,D00303,Rapport d'essai bacterio,8
Ea.N,Agrésivité des eaux souterraines,D00013,Rapport d'essais Eau gachage,1
Ea.N,Agrésivité des eaux souterraines,D00012,Dosage de l'amonium,1
Ea.N,Agrésivité des eaux souterraines,D01770,Dioxide de carbone,1
Ea.N,Agrésivité des eaux souterraines,D00008,Mesure de Magnésium,1
Ea.N,Agrésivité des eaux souterraines,D00463,Mesure de PH de l'eau.,1
Ea.N,Agrésivité des eaux souterraines,D00004,Mesure des sulfates ,1
Ea.N,Agrésivité des eaux souterraines,D00296,Prélevement d'un échantillon d'eau,1
Ea.P,Paramétres physico-chimique de l'eau potable,D00019,Prélevement d'un échantillon d'eau potable,1
Ea.P,Paramétres physico-chimique de l'eau potable,D00020,Analyse physico-chimique de l'eau potable,2
Ea.P,Paramétres physico-chimique de l'eau potable,D00021,Etablissement du rapport d'essai d'eau potable en trois exemplaires,3
Ea.PC,Parametres physico-chimiques de l'eau,D00296,Prélevement d'un échantillon d'eau,1
Ea.PC,Parametres physico-chimiques de l'eau,D00463,Mesure de PH de l'eau.,2
Ea.PC,Parametres physico-chimiques de l'eau,D00464,Mesure de la Conductivité électrique,3
Ea.PC,Parametres physico-chimiques de l'eau,D00465,Oxygène dissous,4
Ea.PC,Parametres physico-chimiques de l'eau,D00466,Oxydabilité au KMnO4 (MO),5
Ea.PC,Parametres physico-chimiques de l'eau,D00004,Mesure des sulfates ,5
Ea.PC,Parametres physico-chimiques de l'eau,D00467,Turbidité,6
Ea.PC,Parametres physico-chimiques de l'eau,D00468,Dosage des chlorures Titrage au traces d'argent avec chromate comme indicateur(Méthode de Mohr),7
Ea.PC,Parametres physico-chimiques de l'eau,D00476,Hydrocarbures,8
Ea.PC,Parametres physico-chimiques de l'eau,D00470,Dosage des Nitrates Méthode spectométrique avec l'acide sulfoscalicylique,9
Ea.PC,Parametres physico-chimiques de l'eau,D00471,Mesure du dosage des matières en suspension Méthode par filtration sur filtre en fibres de verre,10
Ea.PC,Parametres physico-chimiques de l'eau,D00472,DBO5,12
Ea.PC,Parametres physico-chimiques de l'eau,D00473,DCO,13
Ea.PC,Parametres physico-chimiques de l'eau,D00012,Dosage de l'amonium,14
Ea.PC,Parametres physico-chimiques de l'eau,D00475,Azote total,15
Ea.PC,Parametres physico-chimiques de l'eau,D00477,Mercure,17
Ea.PC,Parametres physico-chimiques de l'eau,D00478,Dosage d'orthophosate Méthode spéctrométrique au molybdate d'ammonium,18
Ea.PC,Parametres physico-chimiques de l'eau,D00479,Chlorophylle A,19
Ea.PC,Parametres physico-chimiques de l'eau,D00480,Rapport parametres phisico-chimiques de l'eau,20
Ea.Q,Paramétres physico-chimique de l'eau de gachage,D00001,Prélevement d'un échantillon d'eau de gachage,1
Ea.Q,Paramétres physico-chimique de l'eau de gachage,D00007,"Essais préliminaires (Odeur, Couleur, Détergents, huiles et graisses)",2
Ea.Q,Paramétres physico-chimique de l'eau de gachage,D00002,Mesure de la teneur en matières dissoutes,3
Ea.Q,Paramétres physico-chimique de l'eau de gachage,D00003,Mesure de PH de l'eau,4
Ea.Q,Paramétres physico-chimique de l'eau de gachage,D00004,Mesure des sulfates ,5
Ea.Q,Paramétres physico-chimique de l'eau de gachage,D00005,Dosage des chlorures ,6
Ea.Q,Paramétres physico-chimique de l'eau de gachage,D00006,Mesure du dosage des matières en suspension,7
Ea.Q,Paramétres physico-chimique de l'eau de gachage,D00008,Mesure de Magnésium,8
Ea.Q,Paramétres physico-chimique de l'eau de gachage,D00009,Mesure de la dureté total,9
Ea.Q,Paramétres physico-chimique de l'eau de gachage,D00010,Carbonates,10
Ea.Q,Paramétres physico-chimique de l'eau de gachage,D00011,Extrait sec ,11
Ea.Q,Paramétres physico-chimique de l'eau de gachage,D00012,Dosage de l'amonium,12
Ea.Q,Paramétres physico-chimique de l'eau de gachage,D00013,Rapport d'essais Eau gachage,13
Ea.bio,Parametres microbiologiques de l'eau potable,D00776,Prélevement d'un échantillon d'eau (microbiologique),1
Ea.bio,Parametres microbiologiques de l'eau potable,D00773,Parametres microbiologiques de l'eau potable,2
Ea.bio,Parametres microbiologiques de l'eau potable,D00778,Rapport d'essai microbiologiques,3
Ea.org,Parametres organoleptiques de l'eau,D00296,Prélevement d'un échantillon d'eau,1
Ea.org,Parametres organoleptiques de l'eau,D00237,Couleur,2
Ea.org,Parametres organoleptiques de l'eau,D00461,Odeur,3
Ea.org,Parametres organoleptiques de l'eau,D00462,Rapport d'essai organoleptiques,4
Elec-Eqpmt,Essais de conformité aux normes des équipements électriques,D00321,Prélevement d'un échantillon des équipements électriques,1
Elec-Eqpmt,Essais de conformité aux normes des équipements électriques,D00322,Essais de conformité aux normes des équipements électriques,2
Elec-Eqpmt,Essais de conformité aux normes des équipements électriques,D00323,Rapport conformité equip electrique ,3
Elec-Rse,Analyse du réseau électrique ,D00017,Analyse du réseau électrique ,1
Elec-Rse,Analyse du réseau électrique ,D00018,Rapport réseau electrique,2
Elec-TG,Contrôle de conformité de T.G.B.T (Tableau Général Basse Tension)  et A.G.B.T (Armoire Générale Basse Tension),D00074,Contrôle de conformité de T.G.B.T  et A.G.B.T,1
Elec-TG,Contrôle de conformité de T.G.B.T (Tableau Général Basse Tension)  et A.G.B.T (Armoire Générale Basse Tension),D00075,Rapport TGBT et AGBT ,2
Elec-cable,Essais de conformité à la norme sur conducteurs et câbles électriques.,D00306,Prélevement des conducteurs et cables d'électricité,1
Elec-cable,Essais de conformité à la norme sur conducteurs et câbles électriques.,D00307,Essai sur conducteurs et cables électriques,2
Elec-cable,Essais de conformité à la norme sur conducteurs et câbles électriques.,D00308,Rapport  des conducteurs et cables electriques,3
Elec.installation,Essais sur installation électrique,D00515,Résistance de l’isolement des départ électriques,1
Elec.installation,Essais sur installation électrique,D00517,Essai de déclenchement des dispositifs différentiels,2
Elec.installation,Essais sur installation électrique,D00524,Mesure et vérification de la continuité des circuits de terre et des circuits équipotentiels,3
Elec.installation,Essais sur installation électrique,D00525,Mesure d’intensité de courant par phase et vérification de l’équilibrage des phases ,4
Elec.installation,Essais sur installation électrique,D00518,Mesure de la prise de terre,5
Elec.installation,Essais sur installation électrique,D00519,Rapport de l'installation électrique,6
EmB,Essais sur émulsion de bitume,D00128,Prélevement d'émultion de bitume,1
EmB,Essais sur émulsion de bitume,D00129,Essais d’adhésivité émulsion-granulat,2
EmB,Essais sur émulsion de bitume,D00130,Charge des émulsions,3
EmB,Essais sur émulsion de bitume,D00131,Teneur en eau des émulsions de bitume,4
EmB,Essais sur émulsion de bitume,D00132,Homogénéité des émulsions de bitume,5
EmB,Essais sur émulsion de bitume,D00133,Indice de rupture des émulsions de bitume,6
EmB,Essais sur émulsion de bitume,D00134,Teneur en diluants pétroliers,7
EmB,Essais sur émulsion de bitume,D00135,Pseudo viscosité à 25°C des émulsions de bitume,8
EmB,Essais sur émulsion de bitume,D00136,Stabilité au stockage des émulsions de bitume,9
EmB,Essais sur émulsion de bitume,D00137,Rapport d'essai Emulssion de bitume,10
End.arr,Essai d'arrachement sur enduit,D00068,Amené et repli du materiel et du personnel.,1
End.arr,Essai d'arrachement sur enduit,D00180,Installation des supports de l'essai ,2
End.arr,Essai d'arrachement sur enduit,D00181,Essai de mesure de résistance à l’arrachement de l’enduit,3
End.arr,Essai d'arrachement sur enduit,D00182,Essai de la planéité des enduits ,4
End.arr,Essai d'arrachement sur enduit,D00184,Traitement des données et rédaction du rapport d'essai d'arrachement,6
End.pln,Essai de la planéité des enduits ,D00182,Essai de la planéité des enduits ,1
End.pln,Essai de la planéité des enduits ,D00201,Rapport de planièté,2
Enr,Essais sur enrochement,D00138,Prélevement des enrochements,1
Enr,Essais sur enrochement,D00175,Analyse granulométrique par tamisage,2
Enr,Essais sur enrochement,D00140,Mesure de la masse volumique séche de l'enrochement,3
Enr,Essais sur enrochement,D00474,Mesure du coefficient d’absorption ,6
Enr,Essais sur enrochement,D00420,Essai Micro Deval,7
Enr,Essais sur enrochement,D00145,Rapport d'essai Enrochement,8
Enr,Essais sur enrochement,D00142,Essai de dureté Los Angeles,8
Enr,Essais sur enrochement,D00141,Essai de résistance à la compression uni-axial des roches,13
EnrBloc,Essai blocométrie sur enrrochement,D00139,Analyse blocométrique de l'enrochement,2
Etc-1,Contrôle du complexe d'étanchéité,D00022,Prélevement du complexe d'étanchéité,1
Etc-1,Contrôle du complexe d'étanchéité,D00024,Mesure de l'épaisseur du complexe Etanchéité,2
Etc-1,Contrôle du complexe d'étanchéité,D00023,Mesure du poids au m2 du complexe Etanchéité,2
Etc-1,Contrôle du complexe d'étanchéité,D00025,Mesure de la masse volumique du complexe Etanchéité,4
Etc-1,Contrôle du complexe d'étanchéité,D00026,Essai d’extraction du bitume (dosage) du complexe Etanchéité,5
Etc-1,Contrôle du complexe d'étanchéité,D00027,Etablissement du rapport d'essai du complexe d'étanchéité en trois exemplaires,6
Etc-2,Contrôle de l'étanchéité réalisée ,D00022,Prélevement du complexe d'étanchéité,1
Etc-2,Contrôle de l'étanchéité réalisée ,D00023,Mesure du poids au m2 du complexe Etanchéité,2
Etc-2,Contrôle de l'étanchéité réalisée ,D00024,Mesure de l'épaisseur du complexe Etanchéité,3
Etc-2,Contrôle de l'étanchéité réalisée ,D00025,Mesure de la masse volumique du complexe Etanchéité,4
Etc-2,Contrôle de l'étanchéité réalisée ,D00026,Essai d’extraction du bitume (dosage) du complexe Etanchéité,5
Etc-2,Contrôle de l'étanchéité réalisée ,D00399,Etablissement du rapport d'essai Etanchéité réalisée en trois exemplaires,6
Etc-3,Contrôle de l'étanchéité en tranchée avant remblaiement ,D00062,Contrôle d’étanchéité en tranchée avant remblaiement ,1
Etc-4,Essai d'adhérence sur étanchéité,D00261,Installation des supports de l'essai.,1
Etc-4,Essai d'adhérence sur étanchéité,D00304,Essai de mesure de résistance à l’arrachement de l’étanchéité,2
Etc-4,Essai d'adhérence sur étanchéité,D00305,Rapport d'essai adherence ET,3
Etc-5,Essai d'étanchéité à l'eau in situ sur fenêtres menuiserie,D00227,Essai d'étanchéité au vent in situ sur fenêtres menuiserie,1
Etc-5,Essai d'étanchéité à l'eau in situ sur fenêtres menuiserie,D00228,Rapport d'essai ET au vent,2
Etc-6,Contrôle de l'étanchéité à l'air et à l'eau in situ de la menuiserie,D00076,Contrôle de l’étanchéité à l’aire et à l’eau in situ de la menuiserie,1
Etc-6,Contrôle de l'étanchéité à l'air et à l'eau in situ de la menuiserie,D00077,Rapport d'essai étanchéité air et eau,2
Etc-7,Essai d'étanchéité à l'eau in situ sur fenêtres menuiserie,D00526,Essai d'étanchéité à l'eau in situ sur fenêtres menuiserie,1
Etc-7,Essai d'étanchéité à l'eau in situ sur fenêtres menuiserie,D00535,Rapport d'essai ET à l'eau,2
ExGB,Examen géotechnique,D00527,Intervention d'ingénieur géotechnicien ,1
ExGB,Examen géotechnique,D00528,Levé précis des coupes lithologiques avec mention de toutes les observations utiles y/c reportage photographique ,3
ExGB,Examen géotechnique,D00562,Prélevement et échantillonage intact et/ou remanié pour essais d'examen,3
ExGB,Examen géotechnique,D00592,Essais de laboratoire,4
ExGB,Examen géotechnique,D00596,Etablissement du rapport d'examen géotechnique y/c la détermination des paramétres géotechniques du site selon les exigences du RPS 2011 (rapport édité en trois exemplaires) ,5
ExGV,Examen géotechnique^,D00527,Intervention d'ingénieur géotechnicien ,1
ExGV,Examen géotechnique^,D00448,Prélevement et échantillonage intact et/ou remanié pour essais d'examen°,3
ExGV,Examen géotechnique^,D00528,Levé précis des coupes lithologiques avec mention de toutes les observations utiles y/c reportage photographique ,3
ExGV,Examen géotechnique^,D00604,Essais de laboratoire^,4
ExGV,Examen géotechnique^,D00596,Etablissement du rapport d'examen géotechnique y/c la détermination des paramétres géotechniques du site selon les exigences du RPS 2011 (rapport édité en trois exemplaires) ,5
Extr,Essai d'extraction y compris mesure du dosage des liants,D00232,Prélevement Enrobé,1
Extr,Essai d'extraction y compris mesure du dosage des liants,D00233,Essai d’extraction bitume pour détermination dosage et granularité du mélange minéral,2
Extr,Essai d'extraction y compris mesure du dosage des liants,D00175,Analyse granulométrique par tamisage,3
Extr,Essai d'extraction y compris mesure du dosage des liants,D00234,Rapport d'essai EB,4
F.Plf,Essais sur faux plafond,D00425,"Essai de contrôle des caractéristiques physiques des matériaux, résistance mécanique des suspentes et polochons et de leur scellement / poids du FP, essais de dépôt du chromate de zinc ( pour tout type de faux plafond)",1
Flde-Rb,Essais de conformité à la norme sur robinetterie,D00312,Prélevement de robinetterie,1
Flde-Rb,Essais de conformité à la norme sur robinetterie,D00313,Essais de conformité à la norme sur robinetterie,2
Flde-Rb,Essais de conformité à la norme sur robinetterie,D00314,Rapport d'essai robinetterie,3
Flde-Rcd,Essais de conformité à la norme sur raccords,D00309,Prélevement des raccords,1
Flde-Rcd,Essais de conformité à la norme sur raccords,D00310,Essais de conformité à la norme sur raccords,2
Flde-Rcd,Essais de conformité à la norme sur raccords,D00311,Rapport d'essai raccord,3
Flde-Ty,Essais de conformité à la norme sur tuyauteries,D00315,Prélevement de toyauxterie,1
Flde-Ty,Essais de conformité à la norme sur tuyauteries,D00316,Essais de conformité à la norme sur tuyauteries,2
Flde-Ty,Essais de conformité à la norme sur tuyauteries,D00317,Rapport d'essai tuyaux ,3
Flde-Vn,Essais de conformité à la norme sur vannes ,D00318,Prélevement des vannes ,1
Flde-Vn,Essais de conformité à la norme sur vannes ,D00319,Essais de conformité à la norme sur vannes ,2
Flde-Vn,Essais de conformité à la norme sur vannes ,D00320,Rapport conformité vannes ,3
Flde-pr,Essai de pression,D00330,Essais de pression,1
Flde-pr,Essai de pression,D00331,Rapport d'essai pression ,2
G.alcali réac,Analyse complète d’alcali réaction sur granulats,D00014,Prélevement de materiau pour essai alcali réaction,1
G.alcali réac,Analyse complète d’alcali réaction sur granulats,D00015,Analyse complète d’alcali réaction sur granulats,2
G.alcali réac,Analyse complète d’alcali réaction sur granulats,D00016,Rapport d'essai alcali réaction,3
G.pr sup,Essai de propreté superficielle des granulats,D00212,Prélevement de materiau pour essai de propreté superficielle,1
G.pr sup,Essai de propreté superficielle des granulats,D00412,Mesure de la propreté des granulats,2
G.pr sup,Essai de propreté superficielle des granulats,D00214,Rapport d'essai Propreté,3
Gr.apl,Essai d'aplatissement des granulats,D00057,Prélevement de materiau pour essai d'aplatissement,1
Gr.apl,Essai d'aplatissement des granulats,D00058,Essai de mesure du coefficient d’aplatissement,2
Gr.apl,Essai d'aplatissement des granulats,D00059,Rapport d'essai d'aplatissement des granulats,3
Gr.prst,Mesure de la porosité des ganulats pour béton,D00456,Prélevement de materiau pour mesure de la porosité,1
Gr.prst,Mesure de la porosité des ganulats pour béton,D00451,Mesure de la porosité des ganulats pour béton,2
Gr.prst,Mesure de la porosité des ganulats pour béton,D00452,Rapport d'essai porosité ganulats,3
Gxtil,Essais sur géotextile,D00389,Prélevement de geotextille,1
Gxtil,Essais sur géotextile,D00390,Essais sur géotextile,2
Gxtil,Essais sur géotextile,D00391,Rapport d'essai géotextile,3
Géor,Auscultation géoradar,D00068,Amené et repli du materiel et du personnel.,1
Géor,Auscultation géoradar,D00039,Auscultation Radio-Géoradar par balayage de toute les parties de la surface,2
Géor,Auscultation géoradar,D00540,Dépouillement et interpretation des résultats d'auscultation géoradar,3
Hourd,Essais sur hourdis,D00392,Prélevement des hourdis,1
Hourd,Essais sur hourdis,D00340,Essai de résistance à la compression des hourdis,2
Hourd,Essais sur hourdis,D00723,Mesures des caractéristiques dimensionnelles,3
Hourd,Essais sur hourdis,D00393,Essai de porosité,4
Hourd,Essais sur hourdis,D00394,Rapport d'essai hourdis,5
IP,Essai des limites d'atterberg,D00121,Prélevement de materiau pour essai des limites d'atterberg,1
IP,Essai des limites d'atterberg,D00123,Rapport d'essai IP,3
IP,Essai des limites d'atterberg,D00122,Détermination des limites d’Atterberg,3
IdAC,Identification couche Anti-contaminante ,D00430,Prélevement d'un échantillon de couche anti-contaminante ,1
IdAC,Identification couche Anti-contaminante ,D00594,Analyse granulométrique par tamisage.,2
IdAC,Identification couche Anti-contaminante ,D00122,Détermination des limites d’Atterberg,3
IdAC,Identification couche Anti-contaminante ,D00431,Rapport d'essai AC,4
IdAgB,Identification des agregats pour béton ,D00428,Prélevement des agregats pour béton,1
IdAgB,Identification des agregats pour béton ,D00175,Analyse granulométrique par tamisage,2
IdAgB,Identification des agregats pour béton ,D00412,Mesure de la propreté des granulats,2
IdAgB,Identification des agregats pour béton ,D00143,Mesure du coefficient d’absorption du sable,5
IdAgB,Identification des agregats pour béton ,D00413,Essai d’équivalent de sable à 10% des fines,5
IdAgB,Identification des agregats pour béton ,D00058,Essai de mesure du coefficient d’aplatissement,7
IdAgB,Identification des agregats pour béton ,D00142,Essai de dureté Los Angeles,8
IdAgB,Identification des agregats pour béton ,D00429,Rapport d'essai ID Agregats,9
IdAgV,Identification des agregats pour béton^,D00428,Prélevement des agregats pour béton,1
IdAgV,Identification des agregats pour béton^,D00412,Mesure de la propreté des granulats,2
IdAgV,Identification des agregats pour béton^,D00175,Analyse granulométrique par tamisage,2
IdAgV,Identification des agregats pour béton^,D00413,Essai d’équivalent de sable à 10% des fines,5
IdAgV,Identification des agregats pour béton^,D00143,Mesure du coefficient d’absorption du sable,5
IdAgV,Identification des agregats pour béton^,D00058,Essai de mesure du coefficient d’aplatissement,7
IdAgV,Identification des agregats pour béton^,D00142,Essai de dureté Los Angeles,8
IdAgV,Identification des agregats pour béton^,D00429,Rapport d'essai ID Agregats,9
IdCF,Identification couche de forme  ,D00750,Prélevement de materiau couche de forme,1
IdCF,Identification couche de forme  ,D00594,Analyse granulométrique par tamisage.,2
IdCF,Identification couche de forme  ,D00122,Détermination des limites d’Atterberg,3
IdCF,Identification couche de forme  ,D00161,Essai au bleu de méthyléne,4
IdCF,Identification couche de forme  ,D00142,Essai de dureté Los Angeles,5
IdCF,Identification couche de forme  ,D00420,Essai Micro Deval,6
IdCF,Identification couche de forme  ,D00434,Essai de Dégradabilité,7
IdCF,Identification couche de forme  ,D00435,Essai de fragmentabilité,8
IdCF,Identification couche de forme  ,D00756,Rapport d'essai couche de forme,9
IdGrB,dentification gravette à béton (Vérification),D00803,Prélevement des gravette à béton ,1
IdGrB,dentification gravette à béton (Vérification),D00412,Mesure de la propreté des granulats,2
IdGrB,dentification gravette à béton (Vérification),D00175,Analyse granulométrique par tamisage,3
IdGrB,dentification gravette à béton (Vérification),D00143,Mesure du coefficient d’absorption du sable,4
IdGrB,dentification gravette à béton (Vérification),D00058,Essai de mesure du coefficient d’aplatissement,5
IdGrB,dentification gravette à béton (Vérification),D00142,Essai de dureté Los Angeles,6
IdGrB,dentification gravette à béton (Vérification),D00804,Rapport d'essai ID gravette à béton ,7
IdGrEb,Identification des agregats pour enrobé,D00426,Prélevement des agregats pour enrobé,1
IdGrEb,Identification des agregats pour enrobé,D00175,Analyse granulométrique par tamisage,2
IdGrEb,Identification des agregats pour enrobé,D00122,Détermination des limites d’Atterberg,3
IdGrEb,Identification des agregats pour enrobé,D00225,Essai d’équivalent de sable ,5
IdGrEb,Identification des agregats pour enrobé,D00421,Essai de friabilité du sable,5
IdGrEb,Identification des agregats pour enrobé,D00058,Essai de mesure du coefficient d’aplatissement,6
IdGrEb,Identification des agregats pour enrobé,D00420,Essai Micro Deval,7
IdGrEb,Identification des agregats pour enrobé,D00142,Essai de dureté Los Angeles,8
IdGrEb,Identification des agregats pour enrobé,D00427,Rapport d'essai agregats enrobé,9
IdLPG,"Identification lit de pose en gravette
",D00759,Prélevement lit de pose en gravette,1
IdLPG,"Identification lit de pose en gravette
",D00175,Analyse granulométrique par tamisage,2
IdLPG,"Identification lit de pose en gravette
",D00800,Rapport d'essai lit de pose en gravette,3
IdLPS,Identification lit de pose en sable,D00801,Prélevement lit de pose en sable,1
IdLPS,Identification lit de pose en sable,D00175,Analyse granulométrique par tamisage,2
IdLPS,Identification lit de pose en sable,D00413,Essai d’équivalent de sable à 10% des fines,3
IdLPS,Identification lit de pose en sable,D00802,Rapport d'essai lit de pose en sable,4
IdMD,identification matériau drainan,D00757,Prélevement matériau drainant,1
IdMD,identification matériau drainan,D00175,Analyse granulométrique par tamisage,2
IdMD,identification matériau drainan,D00758,Rapport d'essai matériau drainant,3
IdMFB,Identification des matériaux pour l'étude de formulation de béton (vérification),D01769,Prélevement des matériaux pour F.B.spéciale,1
IdMFB,Identification des matériaux pour l'étude de formulation de béton (vérification),D00763,"Essais physiques sur granulats (Granulométrie,Los Angeles,Applatissement,Proproté,Equivalent de Sable,Absorption,Masse volumique en vrac,Masse volumique spécifique)",2
IdMFB,Identification des matériaux pour l'étude de formulation de béton (vérification),D00768,"Essais sur adjuvant (Densité,PH,Extrait sec,Teneur en chlorure, Oxyde de sodium équivalent)",3
IdMFB,Identification des matériaux pour l'étude de formulation de béton (vérification),D00765,"Essais sur ciment (Caractéristiques physiques, Analyses chimiques, Détermination des constituants)",4
IdMFB,Identification des matériaux pour l'étude de formulation de béton (vérification),D00766,"Essais sur eau (huile graisse détergent,couleur, odeur, PH,matiére en suspension,chlorure, sulfate, amonium)",5
IdMFB,Identification des matériaux pour l'étude de formulation de béton (vérification),D01768,Etablissement du rapport d'identification des matériaux pour formulation en trois exemplaires,6
IdR,Identification remblai,D00439,Prélevement de matériau de remblai,1
IdR,Identification remblai,D00594,Analyse granulométrique par tamisage.,2
IdR,Identification remblai,D00122,Détermination des limites d’Atterberg,3
IdR,Identification remblai,D00161,Essai au bleu de méthyléne,4
IdR,Identification remblai,D00440,Rapport d'essai ID Remblai,5
IdR-V,Identification remblai^,D00439,Prélevement de matériau de remblai,1
IdR-V,Identification remblai^,D00594,Analyse granulométrique par tamisage.,2
IdR-V,Identification remblai^,D00122,Détermination des limites d’Atterberg,3
IdR-V,Identification remblai^,D00161,Essai au bleu de méthyléne,4
IdR-V,Identification remblai^,D00440,Rapport d'essai ID Remblai,5
IdSB,Identification sable pour béton,D00745,Prélevement sable pour béton,1
IdSB,Identification sable pour béton,D00175,Analyse granulométrique par tamisage,2
IdSB,Identification sable pour béton,D00413,Essai d’équivalent de sable à 10% des fines,3
IdSB,Identification sable pour béton,D00143,Mesure du coefficient d’absorption du sable,4
IdSB,Identification sable pour béton,D00746,Rapport d'essai ID sable pour béton,5
IdSBV,Identification sable pour béton VRD,D00745,Prélevement sable pour béton,1
IdSBV,Identification sable pour béton VRD,D00175,Analyse granulométrique par tamisage,2
IdSBV,Identification sable pour béton VRD,D00413,Essai d’équivalent de sable à 10% des fines,3
IdSBV,Identification sable pour béton VRD,D00143,Mesure du coefficient d’absorption du sable,4
IdSBV,Identification sable pour béton VRD,D00748,Rapport d'essai ID sable pour béton VRD,5
IdTV,Identification TV,D00441,Prélevement TV,1
IdTV,Identification TV,D00175,Analyse granulométrique par tamisage,2
IdTV,Identification TV,D00122,Détermination des limites d’Atterberg,3
IdTV,Identification TV,D00705,Essai au bleu de méthyléne VB,3
IdTV,Identification TV,D00413,Essai d’équivalent de sable à 10% des fines,5
IdTV,Identification TV,D00749,Indice de concassage,5
IdTV,Identification TV,D00420,Essai Micro Deval,7
IdTV,Identification TV,D00142,Essai de dureté Los Angeles,8
IdTV,Identification TV,D00442,Rapport d'essai ID TV,9
IdTV-V,Identification TV^,D00441,Prélevement TV,1
IdTV-V,Identification TV^,D00175,Analyse granulométrique par tamisage,2
IdTV-V,Identification TV^,D00122,Détermination des limites d’Atterberg,3
IdTV-V,Identification TV^,D00705,Essai au bleu de méthyléne VB,3
IdTV-V,Identification TV^,D00749,Indice de concassage,5
IdTV-V,Identification TV^,D00413,Essai d’équivalent de sable à 10% des fines,5
IdTV-V,Identification TV^,D00420,Essai Micro Deval,7
IdTV-V,Identification TV^,D00142,Essai de dureté Los Angeles,8
IdTV-V,Identification TV^,D00442,Rapport d'essai ID TV,9
Impr.dsg,Essai de contrôle du dosage de la couche d’imprégnation ,D00457,Prélevement de materiau pour mesure de dosage de la couche d'imprégnation,1
Impr.dsg,Essai de contrôle du dosage de la couche d’imprégnation ,D00208,Mesure du dosage de la couche d’imprégnation ,2
Impr.dsg,Essai de contrôle du dosage de la couche d’imprégnation ,D00449,Etablissement du rapport d'essai dosage imprégnation en trois exemplaires,3
LA,Essai de dureté Los Angeles (LA),D00199,Prélevement de materiau pour essai Los Angeles,1
LA,Essai de dureté Los Angeles (LA),D00200,Rapport d'essai LA,3
LA,Essai de dureté Los Angeles (LA),D00142,Essai de dureté Los Angeles,8
LabB,Essais de laboratoire,D00607,Analyse granulometrique par sédimentométrie ,1
LabB,Essais de laboratoire,D00614,Analyse granulométrique par tamisage..,2
LabB,Essais de laboratoire,D00608,Analyse blocomètrique,3
LabB,Essais de laboratoire,D00202,mesure de la teneur en eau,4
LabB,Essais de laboratoire,D00122,Détermination des limites d’Atterberg,5
LabB,Essais de laboratoire,D00609,Mesure de la masse volumique spécifique,6
LabB,Essais de laboratoire,D00610,Mesure de la masse volumique apparente,7
LabB,Essais de laboratoire,D00611,Essai de cisaillement rectiligne,8
LabB,Essais de laboratoire,D00612,Essai triaxial,9
LabB,Essais de laboratoire,D00613,Essai de compressibilité oedomètrique,10
LabB,Essais de laboratoire,D00258,Essais Proctor Normal ou Modifié,11
LabB,Essais de laboratoire,D00164,Essai CBR,12
LabB,Essais de laboratoire,D00615,Mesure de la masse volumique séche d'un élément de roche - Méthode par pesée hydrostatique,13
LabB,Essais de laboratoire,D00616,Mesure de porosité des roches ,14
LabB,Essais de laboratoire,D00751,Essai d'abrasion sur roche,15
LabB,Essais de laboratoire,D00141,Essai de résistance à la compression uni-axial des roches,15
LabB,Essais de laboratoire,D00752,Mésure de la résistivité électrique,16
LabB,Essais de laboratoire,D00753,Mésure de sulfates sur sol,17
LabB,Essais de laboratoire,D00754,Mésure de l'acidité du sol,18
LabB,Essais de laboratoire,D00755,Agrésivité des eaux souterraines,19
LabOA,Essais de laboratoire°,D00614,Analyse granulométrique par tamisage..,2
LabOA,Essais de laboratoire°,D00608,Analyse blocomètrique,3
LabOA,Essais de laboratoire°,D00122,Détermination des limites d’Atterberg,3
LabOA,Essais de laboratoire°,D00607,Analyse granulometrique par sédimentométrie ,4
LabOA,Essais de laboratoire°,D00202,mesure de la teneur en eau,4
LabOA,Essais de laboratoire°,D00728,Essai d'équivalent sable.,5
LabOA,Essais de laboratoire°,D00609,Mesure de la masse volumique spécifique,6
LabOA,Essais de laboratoire°,D00610,Mesure de la masse volumique apparente,6
LabOA,Essais de laboratoire°,D00420,Essai Micro Deval,7
LabOA,Essais de laboratoire°,D00709,Essai de dureté Los Angeles (Sl),8
LabOA,Essais de laboratoire°,D00612,Essai triaxial,9
LabOA,Essais de laboratoire°,D00611,Essai de cisaillement rectiligne,9
LabOA,Essais de laboratoire°,D00613,Essai de compressibilité oedomètrique,10
LabOA,Essais de laboratoire°,D00615,Mesure de la masse volumique séche d'un élément de roche - Méthode par pesée hydrostatique,11
LabOA,Essais de laboratoire°,D00258,Essais Proctor Normal ou Modifié,11
LabOA,Essais de laboratoire°,D00164,Essai CBR,13
LabOA,Essais de laboratoire°,D00141,Essai de résistance à la compression uni-axial des roches,13
LabOA,Essais de laboratoire°,D00616,Mesure de porosité des roches ,15
LabOA,Essais de laboratoire°,D00706,Essai au bleu de méthyléne.,16
LabOA,Essais de laboratoire°,D00445,Essai de Teneur CaCo3.,18
LabOA,Essais de laboratoire°,D00421,Essai de friabilité du sable,22
LabOA,Essais de laboratoire°,D00434,Essai de Dégradabilité,23
LabOA,Essais de laboratoire°,D00435,Essai de fragmentabilité,24
LabOA,Essais de laboratoire°,D00621,Essai de détermination de la perméabilité à charge constante ou variable,26
LabOA,Essais de laboratoire°,D00631,Essai de forme,27
LabOA,Essais de laboratoire°,D00058,Essai de mesure du coefficient d’aplatissement,28
LabOA,Essais de laboratoire°,D00623,Essais chimiques au laboratoire,30
LabOA,Essais de laboratoire°,D00238,Mesure de la masse volumique des particules solides : méthode du pycnomètre à eau,31
LabOA,Essais de laboratoire°,D00624,Essais d'identification physiques et mécaniques,32
LabOA,Essais de laboratoire°,D00626,Mesure de Résistance entre points (Franklin),34
LabOA,Essais de laboratoire°,D00627,Essai de traction (Brésilien),35
LabOA,Essais de laboratoire°,D00628,Essai de Teneur en matières organiques,36
LabOA,Essais de laboratoire°,D00751,Essai d'abrasion sur roche,37
LabOA,Essais de laboratoire°,D00752,Mésure de la résistivité électrique,38
LabOA,Essais de laboratoire°,D00753,Mésure de sulfates sur sol,39
LabOA,Essais de laboratoire°,D00754,Mésure de l'acidité du sol,40
LabOA,Essais de laboratoire°,D00755,Agrésivité des eaux souterraines,41
LabV,Essais de laboratoire^,D00607,Analyse granulometrique par sédimentométrie ,1
LabV,Essais de laboratoire^,D00614,Analyse granulométrique par tamisage..,2
LabV,Essais de laboratoire^,D00608,Analyse blocomètrique,3
LabV,Essais de laboratoire^,D00202,mesure de la teneur en eau,4
LabV,Essais de laboratoire^,D00122,Détermination des limites d’Atterberg,5
LabV,Essais de laboratoire^,D00609,Mesure de la masse volumique spécifique,6
LabV,Essais de laboratoire^,D00610,Mesure de la masse volumique apparente,7
LabV,Essais de laboratoire^,D00611,Essai de cisaillement rectiligne,8
LabV,Essais de laboratoire^,D00612,Essai triaxial,9
LabV,Essais de laboratoire^,D00258,Essais Proctor Normal ou Modifié,11
LabV,Essais de laboratoire^,D00164,Essai CBR,12
LabV,Essais de laboratoire^,D00615,Mesure de la masse volumique séche d'un élément de roche - Méthode par pesée hydrostatique,13
LabV,Essais de laboratoire^,D00616,Mesure de porosité des roches ,14
LabV,Essais de laboratoire^,D00141,Essai de résistance à la compression uni-axial des roches,15
LabV,Essais de laboratoire^,D00706,Essai au bleu de méthyléne.,16
LabV,Essais de laboratoire^,D00728,Essai d'équivalent sable.,17
LabV,Essais de laboratoire^,D00445,Essai de Teneur CaCo3.,18
LabV,Essais de laboratoire^,D00709,Essai de dureté Los Angeles (Sl),19
LabV,Essais de laboratoire^,D00420,Essai Micro Deval,20
LabV,Essais de laboratoire^,D00421,Essai de friabilité du sable,21
LabV,Essais de laboratoire^,D00434,Essai de Dégradabilité,22
LabV,Essais de laboratoire^,D00435,Essai de fragmentabilité,23
LabV,Essais de laboratoire^,D00621,Essai de détermination de la perméabilité à charge constante ou variable,24
LabV,Essais de laboratoire^,D00058,Essai de mesure du coefficient d’aplatissement,25
LabV,Essais de laboratoire^,D00623,Essais chimiques au laboratoire,26
LabV,Essais de laboratoire^,D00238,Mesure de la masse volumique des particules solides : méthode du pycnomètre à eau,27
LabV,Essais de laboratoire^,D00624,Essais d'identification physiques et mécaniques,28
LabV,Essais de laboratoire^,D00626,Mesure de Résistance entre points (Franklin),29
LabV,Essais de laboratoire^,D00627,Essai de traction (Brésilien),30
LabV,Essais de laboratoire^,D00751,Essai d'abrasion sur roche,31
LabV,Essais de laboratoire^,D00628,Essai de Teneur en matières organiques,31
LabV,Essais de laboratoire^,D00752,Mésure de la résistivité électrique,32
LabV,Essais de laboratoire^,D00753,Mésure de sulfates sur sol,33
LabV,Essais de laboratoire^,D00754,Mésure de l'acidité du sol,34
LabV,Essais de laboratoire^,D00755,Agrésivité des eaux souterraines,35
MCR,Identification MCR  ,D00432,Prélevement de materiau couche de roulement,1
MCR,Identification MCR  ,D00164,Essai CBR,2
MCR,Identification MCR  ,D00594,Analyse granulométrique par tamisage.,2
MCR,Identification MCR  ,D00433,Essai de Teneur CaCo3,3
MCR,Identification MCR  ,D00122,Détermination des limites d’Atterberg,3
MCR,Identification MCR  ,D00434,Essai de Dégradabilité,6
MCR,Identification MCR  ,D00435,Essai de fragmentabilité,7
MCR,Identification MCR  ,D00142,Essai de dureté Los Angeles,8
MCR,Identification MCR  ,D00436,Rapport d'essai MCR,8
MH,Essais sur mélanges hydrocarbonés,D00053,Carottage des enrobés bitumineux y/c l’installation par point,1
MH,Essais sur mélanges hydrocarbonés,D00444,Mesure de la masse volumique apparente par pesée hydrostatique sur carottes d’enrobés,2
MH,Essais sur mélanges hydrocarbonés,D00443,Prélevement du mélange hydrocarboné,3
MH,Essais sur mélanges hydrocarbonés,D00233,Essai d’extraction bitume pour détermination dosage et granularité du mélange minéral,4
MH,Essais sur mélanges hydrocarbonés,D00175,Analyse granulométrique par tamisage,5
MH,Essais sur mélanges hydrocarbonés,D00252,Essai Marshall,6
MH,Essais sur mélanges hydrocarbonés,D00248,Essai Duriez sur mélanges hydrocarbonés à chaud,7
MH,Essais sur mélanges hydrocarbonés,D00249,Essai Duriez sur mélanges hydrocarbonés à froid,8
MH,Essais sur mélanges hydrocarbonés,D00446,Essai de compactabilité à la presse à cisaillement giratoire ,9
MH,Essais sur mélanges hydrocarbonés,D00447,Rapport d'essai sur mélanges hydrocarbonés,10
MS,Identification MS,D00437,Prélevement de materiau MS ,1
MS,Identification MS,D00175,Analyse granulométrique par tamisage,2
MS,Identification MS,D00433,Essai de Teneur CaCo3,3
MS,Identification MS,D00122,Détermination des limites d’Atterberg,3
MS,Identification MS,D00438,Rapport d'essai MS,6
MS,Identification MS,D00142,Essai de dureté Los Angeles,8
Magnéto,Contrôle de surface par magnétoscopie,D00101,Contrôle par magnétoscopie (ISO 17638),1
Magnéto,Contrôle de surface par magnétoscopie,D00221,Rapport d'essai magnéto,2
MeubCuis,Meubles de cuisine ,D00455,"Contrôle de conformité des cuisines (caissons y/c traverses, 2 portes façades, les accessoires, le plan de travail…) avec les prescriptions du CPS et les plans de détails, ainsi qu’avec les prototypes et les échantillons réalisés selon les normes en vigueur et le DTU , et ce au fur et à mesure de l’avancement des travaux. Cette conformité est à la fois dimensionnelle et qualitative et porte sur la qualité de la fabrication et de la mise en œuvre (assemblages, fixation,…) (6 éléments / essai) ",1
Moel,Essais sur élements de maçonnerie en moellon ,D00710,Prélevement des éléments de maconnerie en moellon,1
Moel,Essais sur élements de maçonnerie en moellon ,D00711,Essai de résistance à la compression des éléments de maconnerie en moellon,2
Moel,Essais sur élements de maçonnerie en moellon ,D00720,Mesures des caractéristiques dimensionnelle,3
Moel,Essais sur élements de maçonnerie en moellon ,D00712,Essai d'absorption d'eau par capilarité sur des éléments de maconnerie en moellon,4
Moel,Essais sur élements de maçonnerie en moellon ,D00713,Rapport d'essai des éléments de maconnerie en moellon,5
Mort,Essais sur mortier ,D00279,Prélevement de mortier,1
Mort,Essais sur mortier ,D00126,Essai accéléré à l’autoclave sur mortier,2
Mort,Essais sur mortier ,D00280,Essai de résistance à la compression de mortier,3
Mort,Essais sur mortier ,D00245,Essai de résistance à la traction par flexion du mortier,4
Mort,Essais sur mortier ,D00281,Mesure de la masse volumique apparente sèche du mortier durci ,5
Mort,Essais sur mortier ,D00282,Rapport d'essai Mortier,6
Mrshl,Essai Marshall,D00251,Prélevement de materiau pour essai Marshall,1
Mrshl,Essai Marshall,D00252,Essai Marshall,2
Mrshl,Essai Marshall,D00253,Rapport d'essai Marshall,3
NG,Note géotechnique,D00527,Intervention d'ingénieur géotechnicien ,1
NG,Note géotechnique,D00567,Intervention de Technicien de reconnaissance,1
NG,Note géotechnique,D00528,Levé précis des coupes lithologiques avec mention de toutes les observations utiles y/c reportage photographique ,3
NG,Note géotechnique,D00640,Etablissement de la note géotechnique en trois exemplairs y/c la détermination des paramétres géotechniques du site selon les les exigences de RPS 2011 (rapport édité en trois exemplaires),4
NGV,Note géotechnique^,D00527,Intervention d'ingénieur géotechnicien ,1
NGV,Note géotechnique^,D00567,Intervention de Technicien de reconnaissance,1
NGV,Note géotechnique^,D00528,Levé précis des coupes lithologiques avec mention de toutes les observations utiles y/c reportage photographique ,3
NGV,Note géotechnique^,D00640,Etablissement de la note géotechnique en trois exemplairs y/c la détermination des paramétres géotechniques du site selon les les exigences de RPS 2011 (rapport édité en trois exemplaires),4
OT,Divers Articles tanger,DOT,Rapport essai,1
PVC,Essais sur conduites en PVC  ,D00276,Prélevement de PVC,1
PVC,Essais sur conduites en PVC  ,D00277,Essai sur les conduites PVC  ,2
PVC,Essais sur conduites en PVC  ,D00278,Rapport d'essai PVC,3
Pav,Essais sur pavés,D00400,Prélevement des pavés,1
Pav,Essais sur pavés,D00328,Essai d'absorption d'eau par capilarité sur pavés,2
Pav,Essais sur pavés,D00724,Mesure des caractériIstiques dimensionnelle,3
Pav,Essais sur pavés,D00402,Essai de résidtance par fendage sur pavés en béton,4
Pav,Essais sur pavés,D00403,Rapport d'essai Pavés,5
Peint-arr,Essai de l'arrachement de la peinture ,D00063,Déplacement de technicien pour contrôle,1
Peint-arr,Essai de l'arrachement de la peinture ,D00205,Contrôle d'adhérence par arrachement sur peinture appliqué,2
Peint-arr,Essai de l'arrachement de la peinture ,D00206,Rapport d'essai Arrachement peinture,3
Peint-dsg,Essai de contrôle de dosage de peinture et billes de verre,D00192,Essai de contrôle de dosage de peinture et billes de verre,1
Peint-id,Essai d'identification de peinture,D00235,Détermination de la teinte de la peinture,1
Peint-id,Essai d'identification de peinture,D00236,Détermination de l'aspect de la peinture,2
Peint-id,Essai d'identification de peinture,D00237,Couleur,3
Peint-id,Essai d'identification de peinture,D00238,Mesure de la masse volumique des particules solides : méthode du pycnomètre à eau,4
Peint-id,Essai d'identification de peinture,D00239,Détermination de la viscosité,5
Peint-id,Essai d'identification de peinture,D00240,Test de Composés organiques volatils (COV),6
Peint-id,Essai d'identification de peinture,D00241,Extrait sec,7
Peint-id,Essai d'identification de peinture,D00242,Rapport d'essai ID Peinture,8
Peint.ep,Contrôle de l'épaisseur de la peinture  ,D00453,Mesure de l'épaisseur de la peinture  ,1
Peint.ep,Contrôle de l'épaisseur de la peinture  ,D00454,Rapport d'essai EP Peinture,2
Peint/Galv-2,Contrôle visuel de la peinture ou la galvanisation et mesure d'épaisseur,D00108,Contrôle visuel de la peinture ou la galvanisation et mesure d'épaisseur,1
Peint/Galv-2,Contrôle visuel de la peinture ou la galvanisation et mesure d'épaisseur,D00109,Rapport d'essai EP galvanisation,2
Peint/Galv.adher,Contrôle de la peinture ou la galvanisation par essai d'adhérence,D00080,Contrôle de la peinture ou la galvanisation par essai d'adhérence,1
Peint/Galv.adher,Contrôle de la peinture ou la galvanisation par essai d'adhérence,D00081,Rapport d'essai Adherence peinture,2
Penétrab,Essai de pénétrabilité à 25 °C,D00041,Prélevement d'un échantillon de bitume,1
Penétrab,Essai de pénétrabilité à 25 °C,D00043,Essai de pénétrabilité à l’aiguille à 25 °C,2
Penétrab,Essai de pénétrabilité à 25 °C,D00210,Rapport d'essai pénétrabilité,3
Pol.Site,Etude de pollution du site,D00595,Collecte des données environnementales du site,2
Pol.Site,Etude de pollution du site,D00093,Intervention d'ingénieur sénior,3
Pol.Site,Etude de pollution du site,D00230,Réception des sondages par un technicien spécialisé,3
Pol.Site,Etude de pollution du site,D00634,Mesure de la résistivité électrique du sol par la methode de Shlumberger,4
Pol.Site,Etude de pollution du site,D00379,Levé et échantillonage,5
Pol.Site,Etude de pollution du site,D00561,Analyse physico-chimique des sols et déchets ,6
Pol.Site,Etude de pollution du site,D00547,Etablissement du rapport et évalutaion du degrés de contamination des sites et solutions de refection en trois exemplaires,7
Pr,Essai proctor,D00257,Prélevement de matériau pour essai Proctor,1
Pr,Essai proctor,D00258,Essais Proctor Normal ou Modifié,2
Pr,Essai proctor,D00260,Rapport d'essai Proctor,4
Pr-OA,Essai Proctor standard ou modifié,D00257,Prélevement de matériau pour essai Proctor,1
Pr-OA,Essai Proctor standard ou modifié,D00258,Essais Proctor Normal ou Modifié,2
Pr-OA,Essai Proctor standard ou modifié,D00260,Rapport d'essai Proctor,4
Pr-RB,Proctor RB,DV0001,Descriptif 1,1
Pr-RB,Proctor RB,DV0002,Descriptif 2,2
Pr-RB,Proctor RB,DV0003,Descriptif 3,3
Pr-V,Essai proctor^,D00257,Prélevement de matériau pour essai Proctor,1
Pr-V,Essai proctor^,D00258,Essais Proctor Normal ou Modifié,2
Pr-V,Essai proctor^,D00260,Rapport d'essai Proctor,4
Pt eclair,Essai de point d'éclair,D00041,Prélevement d'un échantillon de bitume,1
Pt eclair,Essai de point d'éclair,D00046,Point d’éclair,2
Pt eclair,Essai de point d'éclair,D00211,Rapport d'essai point d'éclair,3
Ptr.L,Essais sur Poutrelle,D00404,Prélevement des poutrelles,1
Ptr.L,Essais sur Poutrelle,D00600,Essai de résistance à la traction par flexion sur poutrelle,2
Ptr.L,Essais sur Poutrelle,D00725,Mesure des caraactéristiques dimensionnelle^,3
Ptr.L,Essais sur Poutrelle,D00405,Rapport d'essai Poutrelle,4
Ptr.U,Assistance à l'usine pour essais sur Poutrelle,D00406,Assitance à l'usine pour écrasement des poutrelles,1
RFF,Réception des fonds de fouilles,D00511,Réception des fonds de fouilles sanctionnée par l’établissement d’un rapport de conformité des sols rencontrés avec les conclusions du rapport d’étude géotechnique,3
RFF EG,Réceptiion des fonds de fouilles EG,D00506,Réception des fonds de fouilles par un ingénieur spécialisé,1
RFF EG,Réceptiion des fonds de fouilles EG,D00512,Rapport de reception des fonds de fouilles,2
RFF.,Réceptiion des fonds de fouilles.,D00506,Réception des fonds de fouilles par un ingénieur spécialisé,1
RFF.,Réceptiion des fonds de fouilles.,D00512,Rapport de reception des fonds de fouilles,2
Radiog,Contrôle par radiographie,D00106,Contrôle par radiographie,1
Radiog,Contrôle par radiographie,D00107,Rapport d'essai radio,2
RcG,Reconnaissance géotechnique,D00115,Amene et repli du matériel et de l'équipe de sondage,1
RcG,Reconnaissance géotechnique,D00565,Installation par sondage carotté,2
RcG,Reconnaissance géotechnique,D00566,Implantation et suivi des travaux de reconnaissance,3
RcG,Reconnaissance géotechnique,D00567,Intervention de Technicien de reconnaissance,4
RcG,Reconnaissance géotechnique,D00527,Intervention d'ingénieur géotechnicien ,5
RcG,Reconnaissance géotechnique,D00568,Réalisation des sondages carottés ,6
RcG,Reconnaissance géotechnique,D00569,Réalisation de sondages à la pelle mécanique ,7
RcG,Reconnaissance géotechnique,D00571,Réalisation des sondages à ciel ouvert jusqu'au bon sol,9
RcG,Reconnaissance géotechnique,D00572,Réalisation des sondages pour la reconnaissance de l'emprise des voiries  (1 à 2m de profondeur),10
RcG,Reconnaissance géotechnique,D00573,Réalisation des sondages manuels en terrain ordinaire,11
RcG,Reconnaissance géotechnique,D00574,Réalisation des sondages manuels en terrain ROCHEUX,12
RcG,Reconnaissance géotechnique,D00575,Réalisation des sondages destructifs (Pressiomètrique),13
RcG,Reconnaissance géotechnique,D00576,"Essais au pressiometre Ménard tous les 1,5 m",14
RcG,Reconnaissance géotechnique,D00577,Equipement de forage avec piézométre au droit des sondages,15
RcG,Reconnaissance géotechnique,D00578,Suivi des variations de la nappe par un pièzométre,16
RcG,Reconnaissance géotechnique,D00579,Essai SPT ,17
RcG,Reconnaissance géotechnique,D00580,Essai de pénétromètre statique,18
RcG,Reconnaissance géotechnique,D00581,Essai de pénétromètre dynamique,19
RcG,Reconnaissance géotechnique,D00582,Essais CPTU,20
RcG,Reconnaissance géotechnique,D00583,Installation des inclinomètres,21
RcG,Reconnaissance géotechnique,D00584,Suivi des inclinomètres,22
RcG,Reconnaissance géotechnique,D00528,Levé précis des coupes lithologiques avec mention de toutes les observations utiles y/c reportage photographique ,23
RcG,Reconnaissance géotechnique,D00067,Mesure de la densité au densitomètre a membranee.,24
RcG,Reconnaissance géotechnique,D00622,Essai type lefranc pour terrain meuble,25
RcG,Reconnaissance géotechnique,D00151,Essai de portance des plates- formes: Module sous chargement statique à la plaque,26
RcG,Reconnaissance géotechnique,D00396,Prélevement et échantillonage intact et/ou remanié pour essais de reconnaissance,27
RcG,Reconnaissance géotechnique,D00585,Prélevement et échantillonage intact et/ou remanié avec conditionnement et parafinage,28
RcG,Reconnaissance géotechnique,D00586,Arret ou blocage de l'atelier de sondage ,29
RcG,Reconnaissance géotechnique,D00587,Remblaiement de fouilles des sondages,30
RcG,Reconnaissance géotechnique,D00588,Remise en état des trous de sondages par un coulis,31
RcG,Reconnaissance géotechnique,D00589,"Mission de cartographie géotechnique, relevé des coupes, échantillonnage et déplacement de géotechnicien",32
RcG,Reconnaissance géotechnique,D00590,"Enquête documentaire collectes des données géologique et géotechnique,visite du site et définition du programme d'investigation géotechnique",33
RcGOA,Reconnaissance géotechnique°,D00115,Amene et repli du matériel et de l'équipe de sondage,1
RcGOA,Reconnaissance géotechnique°,D00527,Intervention d'ingénieur géotechnicien ,1
RcGOA,Reconnaissance géotechnique°,D00067,Mesure de la densité au densitomètre a membranee.,2
RcGOA,Reconnaissance géotechnique°,D00565,Installation par sondage carotté,2
RcGOA,Reconnaissance géotechnique°,D00528,Levé précis des coupes lithologiques avec mention de toutes les observations utiles y/c reportage photographique ,3
RcGOA,Reconnaissance géotechnique°,D00566,Implantation et suivi des travaux de reconnaissance,3
RcGOA,Reconnaissance géotechnique°,D00567,Intervention de Technicien de reconnaissance,4
RcGOA,Reconnaissance géotechnique°,D00568,Réalisation des sondages carottés ,6
RcGOA,Reconnaissance géotechnique°,D00569,Réalisation de sondages à la pelle mécanique ,7
RcGOA,Reconnaissance géotechnique°,D00570,Réalisation des sondages manuels de 1.5 à 2m de profondeur,8
RcGOA,Reconnaissance géotechnique°,D00571,Réalisation des sondages à ciel ouvert jusqu'au bon sol,9
RcGOA,Reconnaissance géotechnique°,D00572,Réalisation des sondages pour la reconnaissance de l'emprise des voiries  (1 à 2m de profondeur),10
RcGOA,Reconnaissance géotechnique°,D00573,Réalisation des sondages manuels en terrain ordinaire,11
RcGOA,Reconnaissance géotechnique°,D00574,Réalisation des sondages manuels en terrain ROCHEUX,12
RcGOA,Reconnaissance géotechnique°,D00575,Réalisation des sondages destructifs (Pressiomètrique),13
RcGOA,Reconnaissance géotechnique°,D00576,"Essais au pressiometre Ménard tous les 1,5 m",14
RcGOA,Reconnaissance géotechnique°,D00577,Equipement de forage avec piézométre au droit des sondages,15
RcGOA,Reconnaissance géotechnique°,D00578,Suivi des variations de la nappe par un pièzométre,16
RcGOA,Reconnaissance géotechnique°,D00579,Essai SPT ,17
RcGOA,Reconnaissance géotechnique°,D00580,Essai de pénétromètre statique,18
RcGOA,Reconnaissance géotechnique°,D00581,Essai de pénétromètre dynamique,19
RcGOA,Reconnaissance géotechnique°,D00582,Essais CPTU,20
RcGOA,Reconnaissance géotechnique°,D00563,Essai DOWN HOLE,20
RcGOA,Reconnaissance géotechnique°,D00583,Installation des inclinomètres,21
RcGOA,Reconnaissance géotechnique°,D00584,Suivi des inclinomètres,22
RcGOA,Reconnaissance géotechnique°,D00559,Mesure de la densité au gamma densitomètre ,23
RcGOA,Reconnaissance géotechnique°,D00151,Essai de portance des plates- formes: Module sous chargement statique à la plaque,24
RcGOA,Reconnaissance géotechnique°,D00593,Journnée d'un opérateur qualifié,26
RcGOA,Reconnaissance géotechnique°,D00585,Prélevement et échantillonage intact et/ou remanié avec conditionnement et parafinage,26
RcGOA,Reconnaissance géotechnique°,D00564,Prélevement et échantillonage intact et/ou remanié pour essais de reconnaissance°,27
RcGOA,Reconnaissance géotechnique°,D00622,Essai type lefranc pour terrain meuble,27
RcGOA,Reconnaissance géotechnique°,D00586,Arret ou blocage de l'atelier de sondage ,29
RcGOA,Reconnaissance géotechnique°,D00587,Remblaiement de fouilles des sondages,30
RcGOA,Reconnaissance géotechnique°,D00588,Remise en état des trous de sondages par un coulis,31
RcGOA,Reconnaissance géotechnique°,D00589,"Mission de cartographie géotechnique, relevé des coupes, échantillonnage et déplacement de géotechnicien",32
RcGOA,Reconnaissance géotechnique°,D00590,"Enquête documentaire collectes des données géologique et géotechnique,visite du site et définition du programme d'investigation géotechnique",33
RcGOA,Reconnaissance géotechnique°,D00625,"Mesure de courant, houle, marée et vent",33
RcGV,Reconnaissance géotechnique^,D00115,Amene et repli du matériel et de l'équipe de sondage,1
RcGV,Reconnaissance géotechnique^,D00565,Installation par sondage carotté,2
RcGV,Reconnaissance géotechnique^,D00566,Implantation et suivi des travaux de reconnaissance,3
RcGV,Reconnaissance géotechnique^,D00567,Intervention de Technicien de reconnaissance,4
RcGV,Reconnaissance géotechnique^,D00527,Intervention d'ingénieur géotechnicien ,5
RcGV,Reconnaissance géotechnique^,D00568,Réalisation des sondages carottés ,6
RcGV,Reconnaissance géotechnique^,D00569,Réalisation de sondages à la pelle mécanique ,7
RcGV,Reconnaissance géotechnique^,D00571,Réalisation des sondages à ciel ouvert jusqu'au bon sol,9
RcGV,Reconnaissance géotechnique^,D00572,Réalisation des sondages pour la reconnaissance de l'emprise des voiries  (1 à 2m de profondeur),10
RcGV,Reconnaissance géotechnique^,D00573,Réalisation des sondages manuels en terrain ordinaire,11
RcGV,Reconnaissance géotechnique^,D00574,Réalisation des sondages manuels en terrain ROCHEUX,12
RcGV,Reconnaissance géotechnique^,D00575,Réalisation des sondages destructifs (Pressiomètrique),13
RcGV,Reconnaissance géotechnique^,D00576,"Essais au pressiometre Ménard tous les 1,5 m",14
RcGV,Reconnaissance géotechnique^,D00577,Equipement de forage avec piézométre au droit des sondages,15
RcGV,Reconnaissance géotechnique^,D00578,Suivi des variations de la nappe par un pièzométre,16
RcGV,Reconnaissance géotechnique^,D00579,Essai SPT ,17
RcGV,Reconnaissance géotechnique^,D00580,Essai de pénétromètre statique,18
RcGV,Reconnaissance géotechnique^,D00581,Essai de pénétromètre dynamique,19
RcGV,Reconnaissance géotechnique^,D00582,Essais CPTU,20
RcGV,Reconnaissance géotechnique^,D00583,Installation des inclinomètres,21
RcGV,Reconnaissance géotechnique^,D00584,Suivi des inclinomètres,22
RcGV,Reconnaissance géotechnique^,D00528,Levé précis des coupes lithologiques avec mention de toutes les observations utiles y/c reportage photographique ,23
RcGV,Reconnaissance géotechnique^,D00067,Mesure de la densité au densitomètre a membranee.,24
RcGV,Reconnaissance géotechnique^,D00622,Essai type lefranc pour terrain meuble,25
RcGV,Reconnaissance géotechnique^,D00151,Essai de portance des plates- formes: Module sous chargement statique à la plaque,26
RcGV,Reconnaissance géotechnique^,D00559,Mesure de la densité au gamma densitomètre ,27
RcGV,Reconnaissance géotechnique^,D00620,Essai au sciscomètre in-situ ,28
RcGV,Reconnaissance géotechnique^,D00593,Journnée d'un opérateur qualifié,29
RcGV,Reconnaissance géotechnique^,D00625,"Mesure de courant, houle, marée et vent",30
RcGV,Reconnaissance géotechnique^,D00396,Prélevement et échantillonage intact et/ou remanié pour essais de reconnaissance,31
RcGV,Reconnaissance géotechnique^,D00585,Prélevement et échantillonage intact et/ou remanié avec conditionnement et parafinage,32
RcGV,Reconnaissance géotechnique^,D00586,Arret ou blocage de l'atelier de sondage ,33
RcGV,Reconnaissance géotechnique^,D00587,Remblaiement de fouilles des sondages,34
RcGV,Reconnaissance géotechnique^,D00588,Remise en état des trous de sondages par un coulis,35
RcGV,Reconnaissance géotechnique^,D00589,"Mission de cartographie géotechnique, relevé des coupes, échantillonnage et déplacement de géotechnicien",36
RcGV,Reconnaissance géotechnique^,D00590,"Enquête documentaire collectes des données géologique et géotechnique,visite du site et définition du programme d'investigation géotechnique",37
RcGéop,Reconnaissance géophysique,D00115,Amene et repli du matériel et de l'équipe de sondage,1
RcGéop,Reconnaissance géophysique,D00642,Reconnaissance géologique régionale et locale et élaboration d'une synthése géologique,1
RcGéop,Reconnaissance géophysique,D00643,Reconnaissance hydrogéologique régionale et locale et élaboration d'une synthése hydrogéologique y compris l'établissement d'une carte piezométrique:une carte des écoulements souterrains et des coupes hydrogéologiques,2
RcGéop,Reconnaissance géophysique,D00644,Reconnaissance Géophysique par tomographie electrique ,3
RcGéop,Reconnaissance géophysique,D00634,Mesure de la résistivité électrique du sol par la methode de Shlumberger,4
RcGéop,Reconnaissance géophysique,D00649,Journée d'ingénieur géophysicien en mission,5
RcGéop,Reconnaissance géophysique,D00637,Evaluation de la résistivité thermique du sol ,5
RcGéop,Reconnaissance géophysique,D00646,Essai sismique de réfraction et/ou tomographie ,6
RcGéop,Reconnaissance géophysique,D00650,Analyse physico-chimique de l'eau de puit,7
RcGéop,Reconnaissance géophysique,D00647,Investigation géophysique par la micro gravimétrie sur l'ensemble de la parcelle  y/comris le calcul théorique des volumes des cavités.,8
RcGéop,Reconnaissance géophysique,D00648,Investigation géophysique par profils tomographiques électriques sur l'ensemble de la parcelle  y/compris le calcul théorique des volumes des cavités,9
RcGéop,Reconnaissance géophysique,D00567,Intervention de Technicien de reconnaissance,10
RcGéop,Reconnaissance géophysique,D00645,Collecte des données géologiques et géophysiques du site,14
Rev,Essais sur revetement de sol,D00283,Prélevement revetement de sol,1
Rev,Essais sur revetement de sol,D00284,Porosité du revetement sol,2
Rev,Essais sur revetement de sol,D00726,Mesure des caractéristiques dimensiionnelle,3
Rev,Essais sur revetement de sol,D00286,Essai de résistance à la flexion,4
Rev,Essais sur revetement de sol,D00287,Rapport d'essai revetement de sol,5
Rp def,Elaboration du rapport de synthèse définitif,D00502,Rapport de synthèse définitif,1
Rp mens,Elaboration du rapport de synthèse mensuel,D00503,Rapport de synthèse mensuel,1
RpB,Elaboration du rapport d'étude,D00681,"Etablissement du rapport de la géologie locale et régionale et les contraintes spécifiques du site (Risque d'instabilité, présence de karst, phénomène de gonflement et d’effondrement…) en trois exemplaires",1
RpB,Elaboration du rapport d'étude,D00695,Analyse et interprétation des résultats des essais au laboratoire,2
RpB,Elaboration du rapport d'étude,D00667,Calcul des tassements prévisibles,3
RpB,Elaboration du rapport d'étude,D00682,Mode de fondation adéquat.,4
RpB,Elaboration du rapport d'étude,D00687,Niveau de la nappe et précautions de protection des ouvrages vis-à-vis de l’eau,5
RpB,Elaboration du rapport d'étude,D00690,Evaluation du degré d'agressivité des sols et les eaux souterraines (évaluation des risques),6
RpB,Elaboration du rapport d'étude,D00671,Détermination des paramètres sismiques du site selon les exigences du RPS 2011 et évaluation du risque de liquéfaction des sols,7
RpB,Elaboration du rapport d'étude,D00683,Mode de terrassement et mesures constructives vis à vis de la nappe,8
RpB,Elaboration du rapport d'étude,D00684,Etude de choix des matériaux de remblai et condition de réutilisation des déblais selon GMTR,9
RpB,Elaboration du rapport d'étude,D00686,Solutions de confortement et de renforcement des sols en cas de besoin,10
RpB,Elaboration du rapport d'étude,D00685,Analyse de la stabilité des ouvrages de soutènement,11
RpB,Elaboration du rapport d'étude,D00670,Stabilité des fouilles et dispositions constructives,12
RpB,Elaboration du rapport d'étude,D00688,Calcul de la portance du sol d’assise,13
RpB,Elaboration du rapport d'étude,D00689,Mode de réalisation de la couche d'assise des dallages ainsi que les hypothéses de calcul à prendre en compte pour le dimensionment,14
RpB,Elaboration du rapport d'étude,D00680,"Cette mission consiste en la définition des hypothèses géotechniques et les principes des ouvrages géotechniques (Terrassements, soutènements, fondations, assises de dallage,...)",15
RpB,Elaboration du rapport d'étude,D00691,Elaboration du dossier géotechnique,16
RpB,Elaboration du rapport d'étude,D00692,Elaboration des maquettes,17
RpB,Elaboration du rapport d'étude,D00693,Etablissement et rédaction des notices,18
RpB,Elaboration du rapport d'étude,D00694,Etablissement du rapport d'étude géotechnique en 03 exemplaires,19
RpExpB,Elaboration du rapport d'éxpertise ,D00618,Traitement des données recueillies sur site et dépouillement des résultats d'éssais,1
RpExpB,Elaboration du rapport d'éxpertise ,D00674,Avis sur l’état de stabilité des structures existantes,2
RpExpB,Elaboration du rapport d'éxpertise ,D00072,Avis sur la durabilité des matériaux de construction,3
RpExpB,Elaboration du rapport d'éxpertise ,D00668,Evaluation de la logique des mouvements,4
RpExpB,Elaboration du rapport d'éxpertise ,D00669,Origine des désordres,5
RpExpB,Elaboration du rapport d'éxpertise ,D00670,Stabilité des fouilles et dispositions constructives,6
RpExpB,Elaboration du rapport d'éxpertise ,D00671,Détermination des paramètres sismiques du site selon les exigences du RPS 2011 et évaluation du risque de liquéfaction des sols,7
RpExpB,Elaboration du rapport d'éxpertise ,D00672,Analyse de l’impact du séisme sur la stabilité de la structure et définition ,8
RpExpB,Elaboration du rapport d'éxpertise ,D00673,Etablissement du rapport d’expertise et les recommandations qui s’imposent en trois exemplaires,9
RpExpB,Elaboration du rapport d'éxpertise ,D00599,Validation des plans,10
RpExpB,Elaboration du rapport d'éxpertise ,D00653,"Analyse des données hydrogéologique, géophysique et géologiques de la zone",11
RpExpB,Elaboration du rapport d'éxpertise ,D00654,Analyse géomorphologique et géologique,12
RpExpB,Elaboration du rapport d'éxpertise ,D00597,Analyse technique des offres et participation à l'adjudication de l'entreprise,13
RpExpB,Elaboration du rapport d'éxpertise ,D00605,Préparation d'un dossier de consultation des entreprises DCE,14
RpExpV,Elaboration du rapport d'éxpertise^,D00653,"Analyse des données hydrogéologique, géophysique et géologiques de la zone",1
RpExpV,Elaboration du rapport d'éxpertise^,D00654,Analyse géomorphologique et géologique,2
RpExpV,Elaboration du rapport d'éxpertise^,D00674,Avis sur l’état de stabilité des structures existantes,3
RpExpV,Elaboration du rapport d'éxpertise^,D00668,Evaluation de la logique des mouvements,4
RpExpV,Elaboration du rapport d'éxpertise^,D00669,Origine des désordres,5
RpExpV,Elaboration du rapport d'éxpertise^,D00670,Stabilité des fouilles et dispositions constructives,6
RpExpV,Elaboration du rapport d'éxpertise^,D00675,Calcul et étude de dimensionnement géotechnique des voiries,7
RpExpV,Elaboration du rapport d'éxpertise^,D00676,Classification géotechnique des matériaux de base,8
RpExpV,Elaboration du rapport d'éxpertise^,D00618,Traitement des données recueillies sur site et dépouillement des résultats d'éssais,9
RpExpV,Elaboration du rapport d'éxpertise^,D00673,Etablissement du rapport d’expertise et les recommandations qui s’imposent en trois exemplaires,10
RpExpV,Elaboration du rapport d'éxpertise^,D00677,Définition des disposition à prendre en matière de drainage ,11
RpExpV,Elaboration du rapport d'éxpertise^,D00678,Détermination des caractéristiques et fiches des matériaux à utiliser dans le corps de la chaussée selon GMTR,12
RpExpV,Elaboration du rapport d'éxpertise^,D00679,Solutions de refection,13
RpGéop,Etablissement du rapport d'étude Géophysique,D00651,Analyse et interprétation des données,1
RpGéop,Etablissement du rapport d'étude Géophysique,D00652,Aquisitions des données géoélectriques de type tomographie électriques combinés par des sondages de résistivités de type SEV,2
RpGéop,Etablissement du rapport d'étude Géophysique,D00653,"Analyse des données hydrogéologique, géophysique et géologiques de la zone",3
RpGéop,Etablissement du rapport d'étude Géophysique,D00654,Analyse géomorphologique et géologique,4
RpGéop,Etablissement du rapport d'étude Géophysique,D00655,Analyses et études des données disponibles,5
RpGéop,Etablissement du rapport d'étude Géophysique,D00656,Cartes de répartitions spatiale des vides souterraines,6
RpGéop,Etablissement du rapport d'étude Géophysique,D00657,Cartes de résistivités,7
RpGéop,Etablissement du rapport d'étude Géophysique,D00658,Cartes des anomalies géophysiques,8
RpGéop,Etablissement du rapport d'étude Géophysique,D00659,Compilation de l'information,9
RpGéop,Etablissement du rapport d'étude Géophysique,D00660,Coupes Géoélectriques,10
RpGéop,Etablissement du rapport d'étude Géophysique,D00661,Execution des profils logitudinales ,11
RpGéop,Etablissement du rapport d'étude Géophysique,D00662,Interprétation des données hydrogéologique et géophysique,12
RpGéop,Etablissement du rapport d'étude Géophysique,D00663,Interprétation des images satellites et des photos,13
RpGéop,Etablissement du rapport d'étude Géophysique,D00664,Etablissement du rapport d'étude géophysique en 03 exemplaires,14
RpOA,Elaboration du rapport d'étude°,D00680,"Cette mission consiste en la définition des hypothèses géotechniques et les principes des ouvrages géotechniques (Terrassements, soutènements, fondations, assises de dallage,...)",1
RpOA,Elaboration du rapport d'étude°,D00681,"Etablissement du rapport de la géologie locale et régionale et les contraintes spécifiques du site (Risque d'instabilité, présence de karst, phénomène de gonflement et d’effondrement…) en trois exemplaires",2
RpOA,Elaboration du rapport d'étude°,D00682,Mode de fondation adéquat.,3
RpOA,Elaboration du rapport d'étude°,D00683,Mode de terrassement et mesures constructives vis à vis de la nappe,4
RpOA,Elaboration du rapport d'étude°,D00667,Calcul des tassements prévisibles,5
RpOA,Elaboration du rapport d'étude°,D00684,Etude de choix des matériaux de remblai et condition de réutilisation des déblais selon GMTR,6
RpOA,Elaboration du rapport d'étude°,D00629,Etablissement du rapport des essais avec commentaire en trois exemplaires,7
RpOA,Elaboration du rapport d'étude°,D00671,Détermination des paramètres sismiques du site selon les exigences du RPS 2011 et évaluation du risque de liquéfaction des sols,8
RpOA,Elaboration du rapport d'étude°,D00685,Analyse de la stabilité des ouvrages de soutènement,9
RpOA,Elaboration du rapport d'étude°,D00686,Solutions de confortement et de renforcement des sols en cas de besoin,10
RpOA,Elaboration du rapport d'étude°,D00687,Niveau de la nappe et précautions de protection des ouvrages vis-à-vis de l’eau,11
RpOA,Elaboration du rapport d'étude°,D00688,Calcul de la portance du sol d’assise,12
RpOA,Elaboration du rapport d'étude°,D00689,Mode de réalisation de la couche d'assise des dallages ainsi que les hypothéses de calcul à prendre en compte pour le dimensionment,13
RpOA,Elaboration du rapport d'étude°,D00670,Stabilité des fouilles et dispositions constructives,14
RpOA,Elaboration du rapport d'étude°,D00690,Evaluation du degré d'agressivité des sols et les eaux souterraines (évaluation des risques),15
RpOA,Elaboration du rapport d'étude°,D00691,Elaboration du dossier géotechnique,16
RpOA,Elaboration du rapport d'étude°,D00692,Elaboration des maquettes,17
RpOA,Elaboration du rapport d'étude°,D00693,Etablissement et rédaction des notices,18
RpOA,Elaboration du rapport d'étude°,D00694,Etablissement du rapport d'étude géotechnique en 03 exemplaires,19
RpV,Elaboration du rapport d'étude^,D00695,Analyse et interprétation des résultats des essais au laboratoire,1
RpV,Elaboration du rapport d'étude^,D00697,Détermination de la portance STI et PJ,2
RpV,Elaboration du rapport d'étude^,D00698,Définition du corps de chaussée,3
RpV,Elaboration du rapport d'étude^,D00682,Mode de fondation adéquat.,4
RpV,Elaboration du rapport d'étude^,D00684,Etude de choix des matériaux de remblai et condition de réutilisation des déblais selon GMTR,5
RpV,Elaboration du rapport d'étude^,D00678,Détermination des caractéristiques et fiches des matériaux à utiliser dans le corps de la chaussée selon GMTR,6
RpV,Elaboration du rapport d'étude^,D00671,Détermination des paramètres sismiques du site selon les exigences du RPS 2011 et évaluation du risque de liquéfaction des sols,7
RpV,Elaboration du rapport d'étude^,D00699,Recommandations pour le choix des matériaux de remblai primaire et secondaire et procédure de mise en œuvre,8
RpV,Elaboration du rapport d'étude^,D00700,Méthodologie de renforcement du sol d'assise,9
RpV,Elaboration du rapport d'étude^,D00687,Niveau de la nappe et précautions de protection des ouvrages vis-à-vis de l’eau,10
RpV,Elaboration du rapport d'étude^,D00702,"Calcul des tassements prévisibles, conditions de drainage de la structure des chaussées et définition de la structure des voies",11
RpV,Elaboration du rapport d'étude^,D00683,Mode de terrassement et mesures constructives vis à vis de la nappe,12
RpV,Elaboration du rapport d'étude^,D00685,Analyse de la stabilité des ouvrages de soutènement,13
RpV,Elaboration du rapport d'étude^,D00686,Solutions de confortement et de renforcement des sols en cas de besoin,14
RpV,Elaboration du rapport d'étude^,D00694,Etablissement du rapport d'étude géotechnique en 03 exemplaires,15
Rvt,Contröle de la qualité des travaux de revêtement et de montage,D00082,Contröle de la qualité des travaux de revêtement et de montage,1
Rvt,Contröle de la qualité des travaux de revêtement et de montage,D00083,Rapport d'essai de contrôle de qualité des travaux revêtement,2
RésElec,Mesure de résistivité électrique,D00116,Journée de technicien chargé de mission,1
RésElec,Mesure de résistivité électrique,D00036,Amené et repli du materiel et du personel,1
RésElec,Mesure de résistivité électrique,D00632,Réalisation des sondages manuels,2
RésElec,Mesure de résistivité électrique,D00633,Levé précis des coupes lithologiques à travers les sondages réalisés par vos soins,3
RésElec,Mesure de résistivité électrique,D00634,Mesure de la résistivité électrique du sol par la methode de Shlumberger,4
RésElec,Mesure de résistivité électrique,D00530,Prélevement et échantillonnage pour essais de résistivité electrique,4
RésElec,Mesure de résistivité électrique,D00152,Essais chimiques pour résistivité electrique ,5
RésElec,Mesure de résistivité électrique,D00635,Journée d'Ingénieur géophysicien au bureau,7
RésElec,Mesure de résistivité électrique,D00636,Etablissement du rapport de résistivité electrique en trois exemplaires,9
RésTher,Mesure de résistivité thermique,D00036,Amené et repli du materiel et du personel,1
RésTher,Mesure de résistivité thermique,D00632,Réalisation des sondages manuels,2
RésTher,Mesure de résistivité thermique,D00633,Levé précis des coupes lithologiques à travers les sondages réalisés par vos soins,3
RésTher,Mesure de résistivité thermique,D00460,Prélevement et échantillonnage pour essais de resistivité thermique,4
RésTher,Mesure de résistivité thermique,D00637,Evaluation de la résistivité thermique du sol ,5
RésTher,Mesure de résistivité thermique,D00617,Essais chimiques pour résistivité thermique,5
RésTher,Mesure de résistivité thermique,D00635,Journée d'Ingénieur géophysicien au bureau,7
RésTher,Mesure de résistivité thermique,D00638,Mesure de résistivité thermique par une sonde type thermotest ,8
RésTher,Mesure de résistivité thermique,D00639,Etablissement du rapport de résistivité thermique en trois exemplaires,9
Sclero,Auscultation sclérométrique du béton durci ,D00068,Amené et repli du materiel et du personnel.,1
Sclero,Auscultation sclérométrique du béton durci ,D00040,Auscultation sclérométrique d’un échantillonnage du béton,2
Sclero,Auscultation sclérométrique du béton durci ,D00516,Dépouillement et interpretation des résultats d'auscultation sclérométrique,3
Serrg,Contrôle des couples de serrage des boulons,D00096,Contrôle des couples de serrage des boulons,1
Serrg,Contrôle des couples de serrage des boulons,D00097,Rapport d'essai serrage des boulons,2
Sign1.micro,Essai de contrôle de la signalisation horizontale et verticale (Essai sur les microbilles),D00324,Prélevement des microbilles,1
Sign1.micro,Essai de contrôle de la signalisation horizontale et verticale (Essai sur les microbilles),D00325,Essai sur les microbilles de la signalisation horizontale et verticale,2
Sign1.micro,Essai de contrôle de la signalisation horizontale et verticale (Essai sur les microbilles),D00326,Rapport d'essai microbilles de signalisation,3
Sign2. retro,Essai sur le revêtement retro réfléchissant de la signalisation verticale,D00273,Prélevement signalisation verticale,1
Sign2. retro,Essai sur le revêtement retro réfléchissant de la signalisation verticale,D00274,Essai sur le revêtement retro réfléchissant de la signalisation verticale,2
Sign2. retro,Essai sur le revêtement retro réfléchissant de la signalisation verticale,D00275,Rapport d'essai sur le revêtement signalisation verticale,3
Sit,Essais in-situ^,D00053,Carottage des enrobés bitumineux y/c l’installation par point,1
Sit,Essais in-situ^,D00334,Contrôle des températures sur chantier,1
Sit,Essais in-situ^,D00335,Mesure du dosage en liant du revêtement superficiel et des couches d’imprégnation,2
Sit,Essais in-situ^,D00067,Mesure de la densité au densitomètre a membranee.,2
Sit,Essais in-situ^,D00336,Mesure du dosage en granulats du revêtement superficiel,3
Sit,Essais in-situ^,D00338,Mesure du module de rigidité d'un matériau bitumineux,5
Sit,Essais in-situ^,D00339,Essais du point d'éclaire,6
Sit,Essais in-situ^,D00341,Essai de la hauteur au sable HSv,8
Sit,Essais in-situ^,D00342,Rapport d'essai in situ,9
Sol.PC,Parametres physico-chimiques de sol contaminé,D00481,Prélevement d'un échantillon de sol pour des essais physico-chimiques,1
Sol.PC,Parametres physico-chimiques de sol contaminé,D00237,Couleur,2
Sol.PC,Parametres physico-chimiques de sol contaminé,D00482,PH du sol,3
Sol.PC,Parametres physico-chimiques de sol contaminé,D00483,Humidité sol,4
Sol.PC,Parametres physico-chimiques de sol contaminé,D00634,Mesure de la résistivité électrique du sol par la methode de Shlumberger,4
Sol.PC,Parametres physico-chimiques de sol contaminé,D00484,Perte au feu,5
Sol.PC,Parametres physico-chimiques de sol contaminé,D00464,Mesure de la Conductivité électrique,6
Sol.PC,Parametres physico-chimiques de sol contaminé,D00476,Hydrocarbures,8
Sol.PC,Parametres physico-chimiques de sol contaminé,D00486,Huiles et graisses,9
Sol.PC,Parametres physico-chimiques de sol contaminé,D00487,Phosphate total,10
Sol.PC,Parametres physico-chimiques de sol contaminé,D00475,Azote total,11
Sol.PC,Parametres physico-chimiques de sol contaminé,D00488,Métaux ,12
Sol.PC,Parametres physico-chimiques de sol contaminé,D00477,Mercure,13
Sol.PC,Parametres physico-chimiques de sol contaminé,D00489,Cyanures,14
Sol.PC,Parametres physico-chimiques de sol contaminé,D00490,Phénols,15
Sol.PC,Parametres physico-chimiques de sol contaminé,D00337,Rapport parametres phisico-chimiques du sol,16
Soud,Contrôle de la qualité des travaux de soudage et de montage,D00084,Contrôle des travaux de soudage et de montage,1
Soud,Contrôle de la qualité des travaux de soudage et de montage,D00085,Rapport d'essai de qualité soudure,2
Soud. assist,Assistance technique des travaux de soudage aux ateliers des fabricants,D00034,Assistance technique des travaux de soudage aux ateliers des fabricants,1
Soud. assist,Assistance technique des travaux de soudage aux ateliers des fabricants,D00035,Rapport d'essai assistance soudage,2
Soud1,Qualification des soudeurs et des modes opératoires de soudage,D00504,Qualification soudeur par diamètre de boulon et par classe de résistance par soudeur,1
Soud1,Qualification des soudeurs et des modes opératoires de soudage,D00505,Qualification du mode opératoire de soudage,2
T.Plomb,Essais sur travaux de plomberie,D00144,Essais d’étanchéité ,1
T.Plomb,Essais sur travaux de plomberie,D00167,Contrôle de fonctionnement ,2
T.Plomb,Essais sur travaux de plomberie,D00195,Rapport sur travaux de plomberie,3
T° EB,Mesure de la température du produit enrobés et des liants,D00520,Température du produit enrobés et des liants,1
T° EB,Mesure de la température du produit enrobés et des liants,D00521,Rapport d'essai Température enrobé,2
Tôle,Réception matiére tôles et profilés laminé,D00507,vérification de la conformité au CPS et identification des nuances des aciers des tôle et profilés  ,1
Tôle,Réception matiére tôles et profilés laminé,D00508,Analyse chimique spectrale,2
Tôle,Réception matiére tôles et profilés laminé,D00509,Essai de traction avec détermination de ReH; Rm et A% à la rupture;       ,3
Tôle,Réception matiére tôles et profilés laminé,D00510,Essai de résilience (ép > 12mm); par type de profilé et par dimension    ,4
Tôle,Réception matiére tôles et profilés laminé,D00741,Rapport d'essai matiére tôle et profilés,5
Ultra,Contrôle par ultrasons,D00100,Contrôle par ultra-sons ( ISO 17640),1
Ultra,Contrôle par ultrasons,D00105,Rapport d'essai ultrasons,2
VB,Essai au bleu de méthylène ,D00160,Prélevement de materiau pour essai au bleu de méthylène,1
VB,Essai au bleu de méthylène ,D00708,Rapport d'essai VB,3
VB,Essai au bleu de méthylène ,D00705,Essai au bleu de méthyléne VB,3
VBS,Essai au bleu de méthylène du sol,D00160,Prélevement de materiau pour essai au bleu de méthylène,1
VBS,Essai au bleu de méthylène du sol,D00162,Rapport d'essai VBS,3
VBS,Essai au bleu de méthylène du sol,D00161,Essai au bleu de méthyléne,4
VD,Vacations et déplacements ,D00567,Intervention de Technicien de reconnaissance,1
VD,Vacations et déplacements ,D00527,Intervention d'ingénieur géotechnicien ,1
VD,Vacations et déplacements ,D00550,Intervention de Technicien chargé de l'expertise,2
VD,Vacations et déplacements ,D00531,Intervention d'ingénieur Expert,4
VD,Vacations et déplacements ,D00649,Journée d'ingénieur géophysicien en mission,5
autoclave,Essai d’alcali réaction à l’autoclave sur béton,D00169,Prélevement de Béton,1
autoclave,Essai d’alcali réaction à l’autoclave sur béton,D00170,Essai d’alcali réaction à l’autoclave sur béton,2
autoclave,Essai d’alcali réaction à l’autoclave sur béton,D00171,Rapport d'essai d'autoclave,3
ferri,Vérification du ferraillage existant à l'aide du ferroscan ,D00522,Vérification du ferraillage existant à l'aide du ferroscan ,1
ferri,Vérification du ferraillage existant à l'aide du ferroscan ,D00523,Rapport d'essai verif ferraillage,2
prt masse,Essai du pourcentage de perte de masse au chauffage à 163°C,D00041,Prélevement d'un échantillon de bitume,1
prt masse,Essai du pourcentage de perte de masse au chauffage à 163°C,D00050,Essai de perte de masse au chauffage à 163°C,2
prt masse,Essai du pourcentage de perte de masse au chauffage à 163°C,D00246,Rapport d'essai % perte de masse,3
pt ram.BA,Essai du point de ramollissement bille et anneau,D00041,Prélevement d'un échantillon de bitume,1
pt ram.BA,Essai du point de ramollissement bille et anneau,D00042,Essai du point de ramollissement bille et anneau,2
pt ram.BA,Essai du point de ramollissement bille et anneau,D00244,Rapport d'essai bille anneau,3
µ,Essai de la teneur en eau,D00458,Prélevement de materiau pour mesure de teneur en eau,1
µ,Essai de la teneur en eau,D00203,Rapport d'essai Tenuer eau,3
µ,Essai de la teneur en eau,D00727,mesures de la teneur en eau,4
µ paraf,Essai de la teneur en paraffine,D00041,Prélevement d'un échantillon de bitume,1
µ paraf,Essai de la teneur en paraffine,D00048,Teneur en paraffine,2
µ paraf,Essai de la teneur en paraffine,D00204,Rapport d'essai teneur paraffine,3