Code Article,Libelle Article,Code Descriptif Commercial,Libelle Descriptif Commecial,Ordre,Code Taches,Libelle Tache
AgLPS,Agrément lit de pose en sable,D00757A,Rapport d'agrément lit de pose en sable,4,TD00757A,Rapport d'agrément lit de pose en sable
AgLPS,Agrément lit de pose en sable,D00756A,Prélevements des échantillons lit de pose en sable,1,TD00756A-2,R.E.R. agrément lit de pose en sable
AgLPS,Agrément lit de pose en sable,D00756A,Prélevements des échantillons lit de pose en sable,1,TD00756A-1,P.E.R. agrément lit de pose en sable
AgLPG,Agrément lit de pose en gravette,D00755A,Rapport d'agrément lit de pose en gravette,3,TD00755A,Rapport d'agrément lit de pose en gravette
AgLPG,Agrément lit de pose en gravette,D00754A,Prélevements des échantillons lit de pose en gravette,1,TD00754A-1,P.E.R. agrément lit de pose en gravette
AgLPG,Agrément lit de pose en gravette,D00754A,Prélevements des échantillons lit de pose en gravette,1,TD00754A-2,R.E.R. agrément lit de pose en gravette
AgMD,Agrément matériau drainant,D00753A,Rapport d'agrément matériau drainant,0,TD00753A,Rapport d'agrément matériau drainant
AgMD,Agrément matériau drainant,D00752A,Prélevements des matériaux drainants,1,TD00752A-2,R.E.R. agrément matériau drainant
AgMD,Agrément matériau drainant,D00752A,Prélevements des matériaux drainants,1,TD00752A-1,P.E.R. agrément matériau drainant
AgCF,Agrément couche de forme  ,D00751A,Rapport d'agrément couche de forme,9,TD00751A,Rapport d'agrément couche de forme
AgCF,Agrément couche de forme  ,D00750A,Prélevements des materiaux couche de forme,1,TD00750A-1,P.E.R. agrément couche de forme
AgCF,Agrément couche de forme  ,D00750A,Prélevements des materiaux couche de forme,1,TD00750A-2,R.E.R. agrément couche de forme
AgTV,Agrément TV,D00442A,Rapport d'agrément GNT,9,TD00442A,Rapport d'agrément GNT
AgTV-V,Agrément TV-V,D00442A,Rapport d'agrément GNT,9,TD00442A,Rapport d'agrément GNT
AgTV-V,Agrément TV-V,D00441A,Prélevements GNT,1,TD00441A-1,P.E.R. agrément GNT 
AgTV,Agrément TV,D00441A,Prélevements GNT,1,TD00441A-1,P.E.R. agrément GNT 
AgTV-V,Agrément TV-V,D00441A,Prélevements GNT,1,TD00441A-2,R.E.R. agrément GNT
AgTV,Agrément TV,D00441A,Prélevements GNT,1,TD00441A-2,R.E.R. agrément GNT
AgMS,Agrément MS,D00437A,Prélevements des materiaux séléctionnés,1,TD00437A-2,R.E.R. agrément MS 
AgMS,Agrément MS,D00437A,Prélevements des materiaux séléctionnés,1,TD00437A-1,P.E.R. agrément MS 
AgAC,Agrément couche Anti-contaminante ,D00431A,Rapport d'agrément AC,4,TD00431A,Rapport d'agrément couche anti contaminante
AgAC,Agrément couche Anti-contaminante ,D00430A,Prélevements des échantillons de couche anti-contaminante ,1,TD00430A-1,P.E.R. Agrément couche AC
AgAC,Agrément couche Anti-contaminante ,D00430A,Prélevements des échantillons de couche anti-contaminante ,1,TD00430A-2,R.E.R. Agrément couche AC
IdGrB,dentification gravette à béton (Vérification),D00804,Rapport d'essai ID gravette à béton ,7,TD00804,Rapport d'essai ID gravette à béton 
IdGrB,dentification gravette à béton (Vérification),D00803,Prélevement des gravette à béton ,1,TD00803-2,R.E.R. gravette à béton 
IdGrB,dentification gravette à béton (Vérification),D00803,Prélevement des gravette à béton ,1,TD00803-1,P.E.R. gravette à béton 
IdLPS,Identification lit de pose en sable,D00802,Rapport d'essai lit de pose en sable,4,TD00802,Rapport d'essai ID lit de pose en sable
IdLPS,Identification lit de pose en sable,D00801,Prélevement lit de pose en sable,1,TD00800-1,P.E.R. lit de pose en sable
IdLPS,Identification lit de pose en sable,D00801,Prélevement lit de pose en sable,1,TD00800-2,R.E.R. lit de pose en sable
IdLPG,"Identification lit de pose en gravette
",D00759,Prélevement lit de pose en gravette,1,TD00759-2,R.E.R. lit de pose en gravette
IdLPG,"Identification lit de pose en gravette
",D00759,Prélevement lit de pose en gravette,1,TD00759-1,P.E.R. lit de pose en gravette
IdMD,identification matériau drainan,D00758,Rapport d'essai matériau drainant,3,TD00758,Rapport d'essai ID matériau drainant
IdMD,identification matériau drainan,D00757,Prélevement matériau drainant,1,TD00757-2,R.E.R. matériau drainant
IdMD,identification matériau drainan,D00757,Prélevement matériau drainant,1,TD00757-1,P.E.R. matériau drainant
IdCF,Identification couche de forme  ,D00750,Prélevement de materiau couche de forme,1,TA090,R.E.R. Couche de roulement
IdCF,Identification couche de forme  ,D00750,Prélevement de materiau couche de forme,1,TD00432-1,P.E.R. Couche de roulement
IdSBV,Identification sable pour béton VRD,D00748,Rapport d'essai ID sable pour béton VRD,5,TD00746,Rapport d'essai ID sable pour béton
IdSB,Identification sable pour béton,D00746,Rapport d'essai ID sable pour béton,5,TD00746,Rapport d'essai ID sable pour béton
IdSBV,Identification sable pour béton VRD,D00745,Prélevement sable pour béton,1,TD00745-2,R.E.R. sable pour béton
IdSB,Identification sable pour béton,D00745,Prélevement sable pour béton,1,TD00745-2,R.E.R. sable pour béton
IdSBV,Identification sable pour béton VRD,D00745,Prélevement sable pour béton,1,TD00745-1,P.E.R. sable pour béton
IdSB,Identification sable pour béton,D00745,Prélevement sable pour béton,1,TD00745-1,P.E.R. sable pour béton
LabV,Essais de laboratoire^,D00755,Agrésivité des eaux souterraines,35,TD00003,PH de l'eau
LabB,Essais de laboratoire,D00755,Agrésivité des eaux souterraines,19,TD00003,PH de l'eau
LabOA,Essais de laboratoire°,D00755,Agrésivité des eaux souterraines,41,TD00003,PH de l'eau
LabV,Essais de laboratoire^,D00755,Agrésivité des eaux souterraines,35,TD00770,Co2 agréssif eau
LabB,Essais de laboratoire,D00755,Agrésivité des eaux souterraines,19,TD00770,Co2 agréssif eau
LabOA,Essais de laboratoire°,D00755,Agrésivité des eaux souterraines,41,TD00770,Co2 agréssif eau
LabV,Essais de laboratoire^,D00755,Agrésivité des eaux souterraines,35,TD00012,Amonium
LabB,Essais de laboratoire,D00755,Agrésivité des eaux souterraines,19,TD00012,Amonium
LabOA,Essais de laboratoire°,D00755,Agrésivité des eaux souterraines,41,TD00012,Amonium
LabV,Essais de laboratoire^,D00755,Agrésivité des eaux souterraines,35,TD00008,Magnésium
LabB,Essais de laboratoire,D00755,Agrésivité des eaux souterraines,19,TD00008,Magnésium
LabOA,Essais de laboratoire°,D00755,Agrésivité des eaux souterraines,41,TD00008,Magnésium
LabV,Essais de laboratoire^,D00755,Agrésivité des eaux souterraines,35,T00039,Sulfates £
LabB,Essais de laboratoire,D00755,Agrésivité des eaux souterraines,19,T00039,Sulfates £
LabOA,Essais de laboratoire°,D00755,Agrésivité des eaux souterraines,41,T00039,Sulfates £
LabV,Essais de laboratoire^,D00754,Mésure de l'acidité du sol,34,TD00754,Acidité sol
LabB,Essais de laboratoire,D00754,Mésure de l'acidité du sol,18,TD00754,Acidité sol
LabOA,Essais de laboratoire°,D00754,Mésure de l'acidité du sol,40,TD00754,Acidité sol
LabV,Essais de laboratoire^,D00753,Mésure de sulfates sur sol,33,T00042,Sulfates 
LabB,Essais de laboratoire,D00753,Mésure de sulfates sur sol,17,T00042,Sulfates 
LabOA,Essais de laboratoire°,D00753,Mésure de sulfates sur sol,39,T00042,Sulfates 
LabV,Essais de laboratoire^,D00752,Mésure de la résistivité électrique,32,TD00634,Résistivité électrique
LabB,Essais de laboratoire,D00752,Mésure de la résistivité électrique,16,TD00634,Résistivité électrique
LabOA,Essais de laboratoire°,D00752,Mésure de la résistivité électrique,38,TD00634,Résistivité électrique
LabV,Essais de laboratoire^,D00751,Essai d'abrasion sur roche,31,T00751,Abrasion roche
LabOA,Essais de laboratoire°,D00751,Essai d'abrasion sur roche,37,T00751,Abrasion roche
LabB,Essais de laboratoire,D00751,Essai d'abrasion sur roche,15,T00751,Abrasion roche
EF.EB,Etude de formulation pour enrobé,D00770,"Essais sur bitume (Point de ramollissement,Pénetrabilité à l'aiguille,Densité relative au pycno,Point d'eclair,Perte de masse,Solubilité,Teneur en paraffine,Penetration résiduelle)",2,TD00047,Densité relative – la méthode du pycnomètre 
EF.EB,Etude de formulation pour enrobé,D00770,"Essais sur bitume (Point de ramollissement,Pénetrabilité à l'aiguille,Densité relative au pycno,Point d'eclair,Perte de masse,Solubilité,Teneur en paraffine,Penetration résiduelle)",2,T00043,Point d’éclair
EF.EB,Etude de formulation pour enrobé,D00770,"Essais sur bitume (Point de ramollissement,Pénetrabilité à l'aiguille,Densité relative au pycno,Point d'eclair,Perte de masse,Solubilité,Teneur en paraffine,Penetration résiduelle)",2,TD00049,Solubilité
EF.EB,Etude de formulation pour enrobé,D00770,"Essais sur bitume (Point de ramollissement,Pénetrabilité à l'aiguille,Densité relative au pycno,Point d'eclair,Perte de masse,Solubilité,Teneur en paraffine,Penetration résiduelle)",2,TD00050,Perte de masse à la chaleur
EF.EB,Etude de formulation pour enrobé,D00770,"Essais sur bitume (Point de ramollissement,Pénetrabilité à l'aiguille,Densité relative au pycno,Point d'eclair,Perte de masse,Solubilité,Teneur en paraffine,Penetration résiduelle)",2,TD00048,Teneur en paraffine
EF.EB,Etude de formulation pour enrobé,D00770,"Essais sur bitume (Point de ramollissement,Pénetrabilité à l'aiguille,Densité relative au pycno,Point d'eclair,Perte de masse,Solubilité,Teneur en paraffine,Penetration résiduelle)",2,TD00042,Ramollissement BA
EF.EB,Etude de formulation pour enrobé,D00770,"Essais sur bitume (Point de ramollissement,Pénetrabilité à l'aiguille,Densité relative au pycno,Point d'eclair,Perte de masse,Solubilité,Teneur en paraffine,Penetration résiduelle)",2,TD00044,Pénétrabilité résiduelle
EF.EB,Etude de formulation pour enrobé,D00770,"Essais sur bitume (Point de ramollissement,Pénetrabilité à l'aiguille,Densité relative au pycno,Point d'eclair,Perte de masse,Solubilité,Teneur en paraffine,Penetration résiduelle)",2,TD00043,Pénétrabilité à l’aiguille 
EF.EB,Etude de formulation pour enrobé,D00769,"Essais sur granulats d'enrobé (Granulométrie,Los Angeles,Micro deval,Proproté,Equivalent de Sable,Masse volumique en vrac,Masse volumique spécifique)",12,T00035,MDE
EF.EB,Etude de formulation pour enrobé,D00769,"Essais sur granulats d'enrobé (Granulométrie,Los Angeles,Micro deval,Proproté,Equivalent de Sable,Masse volumique en vrac,Masse volumique spécifique)",12,T00034,LA 
EF.EB,Etude de formulation pour enrobé,D00769,"Essais sur granulats d'enrobé (Granulométrie,Los Angeles,Micro deval,Proproté,Equivalent de Sable,Masse volumique en vrac,Masse volumique spécifique)",12,TD00410,MV spécifique gr
EF.EB,Etude de formulation pour enrobé,D00769,"Essais sur granulats d'enrobé (Granulométrie,Los Angeles,Micro deval,Proproté,Equivalent de Sable,Masse volumique en vrac,Masse volumique spécifique)",12,TD00412,Propreté gr
EF.EB,Etude de formulation pour enrobé,D00769,"Essais sur granulats d'enrobé (Granulométrie,Los Angeles,Micro deval,Proproté,Equivalent de Sable,Masse volumique en vrac,Masse volumique spécifique)",12,TD00413,ES à 10% 
EF.EB,Etude de formulation pour enrobé,D00769,"Essais sur granulats d'enrobé (Granulométrie,Los Angeles,Micro deval,Proproté,Equivalent de Sable,Masse volumique en vrac,Masse volumique spécifique)",12,TD00058,AP
EF.EB,Etude de formulation pour enrobé,D00769,"Essais sur granulats d'enrobé (Granulométrie,Los Angeles,Micro deval,Proproté,Equivalent de Sable,Masse volumique en vrac,Masse volumique spécifique)",12,TD00411,MV en vrac
EF.EB,Etude de formulation pour enrobé,D00764,Prélevement des matériaux pour Formulation enrobés,7,TD00764-1,P.E.R. matériaux pour F.enrobés
EF,Etude de formulation de béton ,D00777,Essais chimiques sur granulats,4,T00042,Sulfates 
EFS,Etude spéciale de formulation de béton,D00777,Essais chimiques sur granulats,7,T00042,Sulfates 
EF,Etude de formulation de béton ,D00777,Essais chimiques sur granulats,4,TD00415,soufre
EFS,Etude spéciale de formulation de béton,D00777,Essais chimiques sur granulats,7,TD00415,soufre
EF,Etude de formulation de béton ,D00777,Essais chimiques sur granulats,4,TD00416,Chlorures.
EFS,Etude spéciale de formulation de béton,D00777,Essais chimiques sur granulats,7,TD00416,Chlorures.
EF,Etude de formulation de béton ,D00763,"Essais physiques sur granulats (Granulométrie,Los Angeles,Applatissement,Proproté,Equivalent de Sable,Absorption,Masse volumique en vrac,Masse volumique spécifique)",3,TD00411,MV en vrac
IdMFB,Identification des matériaux pour l'étude de formulation de béton (vérification),D00763,"Essais physiques sur granulats (Granulométrie,Los Angeles,Applatissement,Proproté,Equivalent de Sable,Absorption,Masse volumique en vrac,Masse volumique spécifique)",2,TD00411,MV en vrac
EFS,Etude spéciale de formulation de béton,D00763,"Essais physiques sur granulats (Granulométrie,Los Angeles,Applatissement,Proproté,Equivalent de Sable,Absorption,Masse volumique en vrac,Masse volumique spécifique)",3,TD00411,MV en vrac
EF,Etude de formulation de béton ,D00763,"Essais physiques sur granulats (Granulométrie,Los Angeles,Applatissement,Proproté,Equivalent de Sable,Absorption,Masse volumique en vrac,Masse volumique spécifique)",3,T00034,LA 
IdMFB,Identification des matériaux pour l'étude de formulation de béton (vérification),D00763,"Essais physiques sur granulats (Granulométrie,Los Angeles,Applatissement,Proproté,Equivalent de Sable,Absorption,Masse volumique en vrac,Masse volumique spécifique)",2,T00034,LA 
EFS,Etude spéciale de formulation de béton,D00763,"Essais physiques sur granulats (Granulométrie,Los Angeles,Applatissement,Proproté,Equivalent de Sable,Absorption,Masse volumique en vrac,Masse volumique spécifique)",3,T00034,LA 
EF,Etude de formulation de béton ,D00763,"Essais physiques sur granulats (Granulométrie,Los Angeles,Applatissement,Proproté,Equivalent de Sable,Absorption,Masse volumique en vrac,Masse volumique spécifique)",3,TD00412,Propreté gr
IdMFB,Identification des matériaux pour l'étude de formulation de béton (vérification),D00763,"Essais physiques sur granulats (Granulométrie,Los Angeles,Applatissement,Proproté,Equivalent de Sable,Absorption,Masse volumique en vrac,Masse volumique spécifique)",2,TD00412,Propreté gr
EFS,Etude spéciale de formulation de béton,D00763,"Essais physiques sur granulats (Granulométrie,Los Angeles,Applatissement,Proproté,Equivalent de Sable,Absorption,Masse volumique en vrac,Masse volumique spécifique)",3,TD00412,Propreté gr
EF,Etude de formulation de béton ,D00763,"Essais physiques sur granulats (Granulométrie,Los Angeles,Applatissement,Proproté,Equivalent de Sable,Absorption,Masse volumique en vrac,Masse volumique spécifique)",3,TD00143,Abs
IdMFB,Identification des matériaux pour l'étude de formulation de béton (vérification),D00763,"Essais physiques sur granulats (Granulométrie,Los Angeles,Applatissement,Proproté,Equivalent de Sable,Absorption,Masse volumique en vrac,Masse volumique spécifique)",2,TD00143,Abs
EFS,Etude spéciale de formulation de béton,D00763,"Essais physiques sur granulats (Granulométrie,Los Angeles,Applatissement,Proproté,Equivalent de Sable,Absorption,Masse volumique en vrac,Masse volumique spécifique)",3,TD00143,Abs
EF,Etude de formulation de béton ,D00763,"Essais physiques sur granulats (Granulométrie,Los Angeles,Applatissement,Proproté,Equivalent de Sable,Absorption,Masse volumique en vrac,Masse volumique spécifique)",3,TD00410,MV spécifique gr
IdMFB,Identification des matériaux pour l'étude de formulation de béton (vérification),D00763,"Essais physiques sur granulats (Granulométrie,Los Angeles,Applatissement,Proproté,Equivalent de Sable,Absorption,Masse volumique en vrac,Masse volumique spécifique)",2,TD00410,MV spécifique gr
EFS,Etude spéciale de formulation de béton,D00763,"Essais physiques sur granulats (Granulométrie,Los Angeles,Applatissement,Proproté,Equivalent de Sable,Absorption,Masse volumique en vrac,Masse volumique spécifique)",3,TD00410,MV spécifique gr
EF,Etude de formulation de béton ,D00763,"Essais physiques sur granulats (Granulométrie,Los Angeles,Applatissement,Proproté,Equivalent de Sable,Absorption,Masse volumique en vrac,Masse volumique spécifique)",3,TD00058,AP
IdMFB,Identification des matériaux pour l'étude de formulation de béton (vérification),D00763,"Essais physiques sur granulats (Granulométrie,Los Angeles,Applatissement,Proproté,Equivalent de Sable,Absorption,Masse volumique en vrac,Masse volumique spécifique)",2,TD00058,AP
EFS,Etude spéciale de formulation de béton,D00763,"Essais physiques sur granulats (Granulométrie,Los Angeles,Applatissement,Proproté,Equivalent de Sable,Absorption,Masse volumique en vrac,Masse volumique spécifique)",3,TD00058,AP
EF,Etude de formulation de béton ,D00763,"Essais physiques sur granulats (Granulométrie,Los Angeles,Applatissement,Proproté,Equivalent de Sable,Absorption,Masse volumique en vrac,Masse volumique spécifique)",3,TD00175,AG Gr
IdMFB,Identification des matériaux pour l'étude de formulation de béton (vérification),D00763,"Essais physiques sur granulats (Granulométrie,Los Angeles,Applatissement,Proproté,Equivalent de Sable,Absorption,Masse volumique en vrac,Masse volumique spécifique)",2,TD00175,AG Gr
EFS,Etude spéciale de formulation de béton,D00763,"Essais physiques sur granulats (Granulométrie,Los Angeles,Applatissement,Proproté,Equivalent de Sable,Absorption,Masse volumique en vrac,Masse volumique spécifique)",3,TD00175,AG Gr
EF,Etude de formulation de béton ,D00763,"Essais physiques sur granulats (Granulométrie,Los Angeles,Applatissement,Proproté,Equivalent de Sable,Absorption,Masse volumique en vrac,Masse volumique spécifique)",3,TD00666,MV spécifique Sable
IdMFB,Identification des matériaux pour l'étude de formulation de béton (vérification),D00763,"Essais physiques sur granulats (Granulométrie,Los Angeles,Applatissement,Proproté,Equivalent de Sable,Absorption,Masse volumique en vrac,Masse volumique spécifique)",2,TD00666,MV spécifique Sable
EFS,Etude spéciale de formulation de béton,D00763,"Essais physiques sur granulats (Granulométrie,Los Angeles,Applatissement,Proproté,Equivalent de Sable,Absorption,Masse volumique en vrac,Masse volumique spécifique)",3,TD00666,MV spécifique Sable
EF,Etude de formulation de béton ,D00763,"Essais physiques sur granulats (Granulométrie,Los Angeles,Applatissement,Proproté,Equivalent de Sable,Absorption,Masse volumique en vrac,Masse volumique spécifique)",3,TD00413,ES à 10% 
IdMFB,Identification des matériaux pour l'étude de formulation de béton (vérification),D00763,"Essais physiques sur granulats (Granulométrie,Los Angeles,Applatissement,Proproté,Equivalent de Sable,Absorption,Masse volumique en vrac,Masse volumique spécifique)",2,TD00413,ES à 10% 
EFS,Etude spéciale de formulation de béton,D00763,"Essais physiques sur granulats (Granulométrie,Los Angeles,Applatissement,Proproté,Equivalent de Sable,Absorption,Masse volumique en vrac,Masse volumique spécifique)",3,TD00413,ES à 10% 
Accr.dsg,Essai de contrôle du dosage de la couche d'accrochage,D00743,Etablissement du rapport d'essai dosage d'accrochage en trois exemplaires,1,TD00743,Rapport d'essai dosage d'accrochage
Cmt/Mort.D.dsg,Essai de contrôle de dosage en ciment d'un béton ou d'un mortier durci,D00740,Dosage en ciment d'un béton ou d'un mortier durci,2,TD00740,Dosage en ciment d'un béton ou d'un mortier durci
Cmt/Mort.D.dsg,Essai de contrôle de dosage en ciment d'un béton ou d'un mortier durci,D00739,Prélevement de Béton ou Mortier durci pour dosage ciment ,1,TD00739-1,P.E.R. Béton ou Mortier durci pour dosage ciment
Accr.dsg,Essai de contrôle du dosage de la couche d'accrochage,D00742,Prélevement de materiau pour mesure de dosage de la couche d'accrochage,1,TD00742-1,P.E.R. Gr pour dosage d'accrochage
Boul,Contrôle des boulons,D00707,Essai de résilience (longueur> 65 mm et diamètre> 16mm) par diamètre de boulon et par classe de résistance,7,TD00707,essai de résilience (longueur> 65 mm et diamètre> 16mm) par diamètre de boulon et par classe de résistance
LabOA,Essais de laboratoire°,D00706,Essai au bleu de méthyléne.,16,TD00706,VBS.
LabV,Essais de laboratoire^,D00706,Essai au bleu de méthyléne.,16,TD00706,VBS.
IdTV-V,Identification TV^,D00705,Essai au bleu de méthyléne VB,3,TD00705,VB gr
IdTV,Identification TV,D00705,Essai au bleu de méthyléne VB,3,TD00705,VB gr
VB,Essai au bleu de méthylène ,D00705,Essai au bleu de méthyléne VB,3,TD00705,VB gr
Ea.Q,Paramétres physico-chimique de l'eau de gachage,D00001,Prélevement d'un échantillon d'eau de gachage,1,TD00001-1,P.E.R. Eau gachage
RpV,Elaboration du rapport d'étude^,D00702,"Calcul des tassements prévisibles, conditions de drainage de la structure des chaussées et définition de la structure des voies",11,TD00702,Conditions de drainage de la structure des chaussées
RpV,Elaboration du rapport d'étude^,D00700,Méthodologie de renforcement du sol d'assise,9,TD00700,Méthodologie de renforcement du sol d'assise
RpV,Elaboration du rapport d'étude^,D00699,Recommandations pour le choix des matériaux de remblai primaire et secondaire et procédure de mise en œuvre,8,TD00699,Recommandations pour le choix des matériaux de remblai primaire et secondaire et procédure de mise en œuvre
RpV,Elaboration du rapport d'étude^,D00698,Définition du corps de chaussée,3,TD00698,Définition du corps de chaussée
RpV,Elaboration du rapport d'étude^,D00697,Détermination de la portance STI et PJ,2,TD00697,Portance STI et PJ
RpV,Elaboration du rapport d'étude^,D00695,Analyse et interprétation des résultats des essais au laboratoire,1,TD00695,Analyse et interprétation des résultats des essais au laboratoire
RpB,Elaboration du rapport d'étude,D00695,Analyse et interprétation des résultats des essais au laboratoire,2,TD00695,Analyse et interprétation des résultats des essais au laboratoire
RpB,Elaboration du rapport d'étude,D00694,Etablissement du rapport d'étude géotechnique en 03 exemplaires,19,TD00694-1,Rapport d'étude Géot
RpOA,Elaboration du rapport d'étude°,D00694,Etablissement du rapport d'étude géotechnique en 03 exemplaires,19,TD00694-1,Rapport d'étude Géot
RpV,Elaboration du rapport d'étude^,D00694,Etablissement du rapport d'étude géotechnique en 03 exemplaires,15,TD00694-1,Rapport d'étude Géot
RpOA,Elaboration du rapport d'étude°,D00693,Etablissement et rédaction des notices,18,TD00693,Rédaction des notices
RpB,Elaboration du rapport d'étude,D00693,Etablissement et rédaction des notices,18,TD00693,Rédaction des notices
RpOA,Elaboration du rapport d'étude°,D00692,Elaboration des maquettes,17,TD00692,Elaboration des maquettes
RpB,Elaboration du rapport d'étude,D00692,Elaboration des maquettes,17,TD00692,Elaboration des maquettes
VB,Essai au bleu de méthylène ,D00708,Rapport d'essai VB,3,TD00708,Rapport d'essai VB
µ,Essai de la teneur en eau,D00727,mesures de la teneur en eau,4,TD00727-1,w% gr
µ,Essai de la teneur en eau,D00727,mesures de la teneur en eau,4,TD00727-2,w% sol.
Rev,Essais sur revetement de sol,D00726,Mesure des caractéristiques dimensiionnelle,3,TD00726,Dimensions Rev sol
Ptr.L,Essais sur Poutrelle,D00725,Mesure des caraactéristiques dimensionnelle^,3,TD00725,Dimensions Poutrelle
Pav,Essais sur pavés,D00724,Mesure des caractériIstiques dimensionnelle,3,TD00724,Dimensions pavés
Hourd,Essais sur hourdis,D00723,Mesures des caractéristiques dimensionnelles,3,TD00723,Dimensions hourdis
E.fil gabion,Essais sur fil de gabion,D00722,Mesure des caractéristiques diimensionnelle,3,TD00722,Dimensions sur fil de gabion
Briq,Essais sur élements de maçonnerie en terre cuite,D00721,Mesure caractéristiques dimensionnelle,3,TD00721,Dimensions Brique
Moel,Essais sur élements de maçonnerie en moellon ,D00720,Mesures des caractéristiques dimensionnelle,3,TD00720,Dimensions Moellon
Coul.Inj,Essais sur coulis d'injection,D00716,Prélevement d'un échantillon de coulis d'injection frais,1,TD00716-1,"P.E.R. pour coulis d""injection"
Coul.Inj,Essais sur coulis d'injection,D00716,Prélevement d'un échantillon de coulis d'injection frais,1,TD00279-2,Saisi PV Mort_Coul
Coul.Inj,Essais sur coulis d'injection,D00715,Contrôle des performances mécaniques à la compréssion,5,TD00715,Contrôle des performances mécaniques à la compréssion
Moel,Essais sur élements de maçonnerie en moellon ,D00713,Rapport d'essai des éléments de maconnerie en moellon,5,TD00713,Rapport d'essai Moellon
Moel,Essais sur élements de maçonnerie en moellon ,D00712,Essai d'absorption d'eau par capilarité sur des éléments de maconnerie en moellon,4,TD00712,Abs Moellon
Moel,Essais sur élements de maçonnerie en moellon ,D00711,Essai de résistance à la compression des éléments de maconnerie en moellon,2,TD00711,RC Moellon
Moel,Essais sur élements de maçonnerie en moellon ,D00710,Prélevement des éléments de maconnerie en moellon,1,TD00710-1,P.E.R. Moellon
LabOA,Essais de laboratoire°,D00709,Essai de dureté Los Angeles (Sl),8,TD00142-1,LA.
LabV,Essais de laboratoire^,D00709,Essai de dureté Los Angeles (Sl),19,TD00142-1,LA.
Ea.Q,Paramétres physico-chimique de l'eau de gachage,D00002,Mesure de la teneur en matières dissoutes,3,TD00002,Teneur en matières dissoutes
Ea.Q,Paramétres physico-chimique de l'eau de gachage,D00003,Mesure de PH de l'eau,4,TD00003,PH de l'eau
Ea.Q,Paramétres physico-chimique de l'eau de gachage,D00004,Mesure des sulfates ,5,T00039,Sulfates £
Ea.N,Agrésivité des eaux souterraines,D00004,Mesure des sulfates ,1,T00039,Sulfates £
Ea.PC,Parametres physico-chimiques de l'eau,D00004,Mesure des sulfates ,5,T00039,Sulfates £
Ea.Q,Paramétres physico-chimique de l'eau de gachage,D00005,Dosage des chlorures ,6,TD00005,Chlorures
Ea.Q,Paramétres physico-chimique de l'eau de gachage,D00006,Mesure du dosage des matières en suspension,7,TD00006,Matières en suspension
Ea.Q,Paramétres physico-chimique de l'eau de gachage,D00007,"Essais préliminaires (Odeur, Couleur, Détergents, huiles et graisses)",2,TD00007,"Odeur, Couleur, Détergents, "
Ea.N,Agrésivité des eaux souterraines,D00008,Mesure de Magnésium,1,TD00008,Magnésium
Ea.Q,Paramétres physico-chimique de l'eau de gachage,D00008,Mesure de Magnésium,8,TD00008,Magnésium
Ea.Q,Paramétres physico-chimique de l'eau de gachage,D00009,Mesure de la dureté total,9,TD00009,Dureté total
Ea.Q,Paramétres physico-chimique de l'eau de gachage,D00010,Carbonates,10,T00038,Carbonates
Ea.Q,Paramétres physico-chimique de l'eau de gachage,D00011,Extrait sec ,11,TD00011,Extrait sec 
Ea.N,Agrésivité des eaux souterraines,D00012,Dosage de l'amonium,1,TD00012,Amonium
Ea.PC,Parametres physico-chimiques de l'eau,D00012,Dosage de l'amonium,14,TD00012,Amonium
Ea.Q,Paramétres physico-chimique de l'eau de gachage,D00012,Dosage de l'amonium,12,TD00012,Amonium
Ea.Q,Paramétres physico-chimique de l'eau de gachage,D00013,Rapport d'essais Eau gachage,13,TD00013,Rapport d'essais Eau gachage
Ea.N,Agrésivité des eaux souterraines,D00013,Rapport d'essais Eau gachage,1,TD00013,Rapport d'essais Eau gachage
G.alcali réac,Analyse complète d’alcali réaction sur granulats,D00014,Prélevement de materiau pour essai alcali réaction,1,TD00014-1,P.E.R. Gr pour alcali réaction 
G.alcali réac,Analyse complète d’alcali réaction sur granulats,D00015,Analyse complète d’alcali réaction sur granulats,2,TD00015,Analyse complète d’alcali réaction sur granulats
G.alcali réac,Analyse complète d’alcali réaction sur granulats,D00016,Rapport d'essai alcali réaction,3,TD00016-1,Rapport d'essai alcali réaction
Elec-Rse,Analyse du réseau électrique ,D00017,Analyse du réseau électrique ,1,TD00017,Analyse de réseau électrique 
Elec-Rse,Analyse du réseau électrique ,D00018,Rapport réseau electrique,2,TD00018-1,Rapport réseau electrique
Ea.P,Paramétres physico-chimique de l'eau potable,D00019,Prélevement d'un échantillon d'eau potable,1,TD00019-1,P.E.R. Eau potable
Ea.P,Paramétres physico-chimique de l'eau potable,D00020,Analyse physico-chimique de l'eau potable,2,TD00020,Essais physico-chimiques eau potable
Ea.P,Paramétres physico-chimique de l'eau potable,D00021,Etablissement du rapport d'essai d'eau potable en trois exemplaires,3,TD00021,Rapport d'essai eau potable
Etc-1,Contrôle du complexe d'étanchéité,D00022,Prélevement du complexe d'étanchéité,1,TD00022-1,P.E.R. Complexe d'étanchéité
Etc-2,Contrôle de l'étanchéité réalisée ,D00022,Prélevement du complexe d'étanchéité,1,TD00022-1,P.E.R. Complexe d'étanchéité
Etc-2,Contrôle de l'étanchéité réalisée ,D00023,Mesure du poids au m2 du complexe Etanchéité,2,TD00023,Poids au m2 Etanchéité
Etc-1,Contrôle du complexe d'étanchéité,D00023,Mesure du poids au m2 du complexe Etanchéité,2,TD00023,Poids au m2 Etanchéité
Etc-1,Contrôle du complexe d'étanchéité,D00024,Mesure de l'épaisseur du complexe Etanchéité,2,TD00024,Epaisseur du complexe Etanchéité
Etc-2,Contrôle de l'étanchéité réalisée ,D00024,Mesure de l'épaisseur du complexe Etanchéité,3,TD00024,Epaisseur du complexe Etanchéité
Etc-1,Contrôle du complexe d'étanchéité,D00025,Mesure de la masse volumique du complexe Etanchéité,4,TD00025,MV du complexe Etanchéité
Etc-2,Contrôle de l'étanchéité réalisée ,D00025,Mesure de la masse volumique du complexe Etanchéité,4,TD00025,MV du complexe Etanchéité
Etc-1,Contrôle du complexe d'étanchéité,D00026,Essai d’extraction du bitume (dosage) du complexe Etanchéité,5,TD00026,Extraction bitume
Etc-2,Contrôle de l'étanchéité réalisée ,D00026,Essai d’extraction du bitume (dosage) du complexe Etanchéité,5,TD00026,Extraction bitume
Etc-1,Contrôle du complexe d'étanchéité,D00027,Etablissement du rapport d'essai du complexe d'étanchéité en trois exemplaires,6,TD00027,Rapport d'essai complexe Etanchéité
Allu. minerg,Analyse minéralogique des profilés aluminium ,D00028,Prélevement de l'Alluminium,1,TD00028-1,P.E.R. Allu
Allu.colmg poro,Contrôle de colmatage et porosité de la menuiserie aluminium ,D00028,Prélevement de l'Alluminium,1,TD00028-1,P.E.R. Allu
Allu.ep,Contrôle de l’épaisseur pour la menuiserie aluminium ,D00028,Prélevement de l'Alluminium,1,TD00028-1,P.E.R. Allu
Allu. minerg,Analyse minéralogique des profilés aluminium ,D00029,Analyse minéralogique des profilés aluminium ,2,TD00029,Analyse minéralogique des profilés aluminium 
Allu. minerg,Analyse minéralogique des profilés aluminium ,D00030,Rapport d'essai minéralogie alluminium,3,TD00030,Rapport d'essai minéralogie alluminium
Adjvt,Paramétres physico-chimiques de l'adjuvant,D00031,Prélevement de l'Adjuvent,1,TD00031-1,P.E.R. Adjuvant
Adjvt,Paramétres physico-chimiques de l'adjuvant,D00032,Analyse physico-chimiques de l'adjuvant,2,TD00032,Analyse physico-chimiques de l'adjuvant
Adjvt,Paramétres physico-chimiques de l'adjuvant,D00033,Rapport d'essai chimiques sur adjuvant,3,TD00033,Rapport d'essai Adjuvant
Soud. assist,Assistance technique des travaux de soudage aux ateliers des fabricants,D00034,Assistance technique des travaux de soudage aux ateliers des fabricants,1,TD00034,Assistance technique des travaux de soudage aux ateliers des fabricants
Soud. assist,Assistance technique des travaux de soudage aux ateliers des fabricants,D00035,Rapport d'essai assistance soudage,2,TD00035,Rapport d'essai assistance soudage
Dg.site-V,Diagnostic sur site^,D00036,Amené et repli du materiel et du personel,1,TD00036,Amené et repli du materiel et du personnel
Dg.site,Diagnostic sur site ,D00036,Amené et repli du materiel et du personel,1,TD00036,Amené et repli du materiel et du personnel
RésTher,Mesure de résistivité thermique,D00036,Amené et repli du materiel et du personel,1,TD00036,Amené et repli du materiel et du personnel
RésElec,Mesure de résistivité électrique,D00036,Amené et repli du materiel et du personel,1,TD00036,Amené et repli du materiel et du personnel
Dynm,Auscultation dynamique du béton durci,D00037,Auscultation dynamique d’un échantillonnage du béton,2,TD00037,Pt Dynamique
Géor,Auscultation géoradar,D00039,Auscultation Radio-Géoradar par balayage de toute les parties de la surface,2,TD00039,A Géoradar
Sclero,Auscultation sclérométrique du béton durci ,D00040,Auscultation sclérométrique d’un échantillonnage du béton,2,TD00040,A Scléro
Dà25°,Mesure de densité relative à 25 °c,D00041,Prélevement d'un échantillon de bitume,1,T00007,P.E.R. Bitume
Bit,Essais sur bitumes,D00041,Prélevement d'un échantillon de bitume,1,T00007,P.E.R. Bitume
prt masse,Essai du pourcentage de perte de masse au chauffage à 163°C,D00041,Prélevement d'un échantillon de bitume,1,T00007,P.E.R. Bitume
pt ram.BA,Essai du point de ramollissement bille et anneau,D00041,Prélevement d'un échantillon de bitume,1,T00007,P.E.R. Bitume
Pt eclair,Essai de point d'éclair,D00041,Prélevement d'un échantillon de bitume,1,T00007,P.E.R. Bitume
Penétrab,Essai de pénétrabilité à 25 °C,D00041,Prélevement d'un échantillon de bitume,1,T00007,P.E.R. Bitume
µ paraf,Essai de la teneur en paraffine,D00041,Prélevement d'un échantillon de bitume,1,T00007,P.E.R. Bitume
Ductil,Essai de ductilité à 25°c,D00041,Prélevement d'un échantillon de bitume,1,T00007,P.E.R. Bitume
Bit,Essais sur bitumes,D00042,Essai du point de ramollissement bille et anneau,2,TD00042,Ramollissement BA
pt ram.BA,Essai du point de ramollissement bille et anneau,D00042,Essai du point de ramollissement bille et anneau,2,TD00042,Ramollissement BA
Bit,Essais sur bitumes,D00043,Essai de pénétrabilité à l’aiguille à 25 °C,3,TD00043,Pénétrabilité à l’aiguille 
Penétrab,Essai de pénétrabilité à 25 °C,D00043,Essai de pénétrabilité à l’aiguille à 25 °C,2,TD00043,Pénétrabilité à l’aiguille 
Bit,Essais sur bitumes,D00044,Détermination de l’effet de la chaleur et de l’air sur les produits bitumineux (Pénétrabilité résiduelle),4,TD00044,Pénétrabilité résiduelle
Bit,Essais sur bitumes,D00045,Mesure de l’élasticité des bitumes-Ductilité,5,TD00045,Ductilité Bitume
Ductil,Essai de ductilité à 25°c,D00045,Mesure de l’élasticité des bitumes-Ductilité,2,TD00045,Ductilité Bitume
Bit,Essais sur bitumes,D00046,Point d’éclair,6,T00043,Point d’éclair
Pt eclair,Essai de point d'éclair,D00046,Point d’éclair,2,T00043,Point d’éclair
Bit,Essais sur bitumes,D00047,Densité relative – la méthode du pycnomètre ,7,TD00047,Densité relative – la méthode du pycnomètre 
µ paraf,Essai de la teneur en paraffine,D00048,Teneur en paraffine,2,TD00048,Teneur en paraffine
Bit,Essais sur bitumes,D00048,Teneur en paraffine,8,TD00048,Teneur en paraffine
Bit,Essais sur bitumes,D00049,Solubilité,9,TD00049,Solubilité
Bit,Essais sur bitumes,D00050,Essai de perte de masse au chauffage à 163°C,10,TD00050,Perte de masse à la chaleur
prt masse,Essai du pourcentage de perte de masse au chauffage à 163°C,D00050,Essai de perte de masse au chauffage à 163°C,2,TD00050,Perte de masse à la chaleur
Bit,Essais sur bitumes,D00051,Retour élastique à 25°C et à 10°C,11,TD00051,Retour élastique à 25°C et à 10°C
Bit,Essais sur bitumes,D00052,Rapport d'essai Bitume,12,TD00052,Rapport d'essai Bitume
Sit,Essais in-situ^,D00053,Carottage des enrobés bitumineux y/c l’installation par point,1,TD00053,Carottage EB
EB.dst,Mesure de la densité de l'enrobé par carottage ,D00053,Carottage des enrobés bitumineux y/c l’installation par point,1,TD00053,Carottage EB
MH,Essais sur mélanges hydrocarbonés,D00053,Carottage des enrobés bitumineux y/c l’installation par point,1,TD00053,Carottage EB
EB.carott,Essai de carottage de l'enrobé bitumineux pour contrôle d'épaisseur de la couche,D00053,Carottage des enrobés bitumineux y/c l’installation par point,2,TD00053,Carottage EB
Carr.UPEC,Classement UPEC des carreaux,D00054,Prélevement des carreaux,1,TD00054-1,P.E.R. Carreaux
Carr,Essais sur carreaux,D00054,Prélevement des carreaux,1,TD00054-1,P.E.R. Carreaux
Carr.UPEC,Classement UPEC des carreaux,D00054,Prélevement des carreaux,1,TD00054-2,Saisi PV Carr
Carr,Essais sur carreaux,D00054,Prélevement des carreaux,1,TD00054-2,Saisi PV Carr
Carr.UPEC,Classement UPEC des carreaux,D00055,Classement UPEC des carreaux,2,TD00055,Classement UPEC des carreaux
Carr.UPEC,Classement UPEC des carreaux,D00056,Rapport d'essai UPEC carreaux,3,TD00056,Rapport d'essai UPEC carreaux
Gr.apl,Essai d'aplatissement des granulats,D00057,Prélevement de materiau pour essai d'aplatissement,1,TD00057-1,P.E.R. Gr pour AP
LabOA,Essais de laboratoire°,D00058,Essai de mesure du coefficient d’aplatissement,28,TD00058,AP
LabV,Essais de laboratoire^,D00058,Essai de mesure du coefficient d’aplatissement,25,TD00058,AP
IdGrEb,Identification des agregats pour enrobé,D00058,Essai de mesure du coefficient d’aplatissement,6,TD00058,AP
Gr.apl,Essai d'aplatissement des granulats,D00058,Essai de mesure du coefficient d’aplatissement,2,TD00058,AP
IdAgV,Identification des agregats pour béton^,D00058,Essai de mesure du coefficient d’aplatissement,7,TD00058,AP
IdAgB,Identification des agregats pour béton ,D00058,Essai de mesure du coefficient d’aplatissement,7,TD00058,AP
IdGrB,dentification gravette à béton (Vérification),D00058,Essai de mesure du coefficient d’aplatissement,5,TD00058,AP
Gr.apl,Essai d'aplatissement des granulats,D00059,Rapport d'essai d'aplatissement des granulats,3,TD00059,Rapport d'essai AP granulats
Allu.ep,Contrôle de l’épaisseur pour la menuiserie aluminium ,D00060,Mesure d’épaisseur pour la menuiserie aluminium ,2,TD00060,Epaisseur pour la menuiserie aluminium 
Allu.ep,Contrôle de l’épaisseur pour la menuiserie aluminium ,D00061,Rapport d'essai epaisseur alluminium,3,TD00061,Rapport d'essai epaisseur alluminium
Etc-3,Contrôle de l'étanchéité en tranchée avant remblaiement ,D00062,Contrôle d’étanchéité en tranchée avant remblaiement ,1,TD00062-1,Etanchéité en tranchée 
Etc-3,Contrôle de l'étanchéité en tranchée avant remblaiement ,D00062,Contrôle d’étanchéité en tranchée avant remblaiement ,1,TD00062-2,Rapport d'essai Etanchéité en tranchée
Bét.tr,Essai de traction d’un béton ,D00065,La confection de six éprouvettes cylindriques H32/16 ,3,T00017,Saisie PV CB
CB,Contrôle de béton,D00065,La confection de six éprouvettes cylindriques H32/16 ,3,T00017,Saisie PV CB
Bét.tr,Essai de traction d’un béton ,D00065,La confection de six éprouvettes cylindriques H32/16 ,3,T00016,Rec repli
CB,Contrôle de béton,D00065,La confection de six éprouvettes cylindriques H32/16 ,3,T00016,Rec repli
Bét.tr,Essai de traction d’un béton ,D00065,La confection de six éprouvettes cylindriques H32/16 ,3,T00015,Repli
CB,Contrôle de béton,D00065,La confection de six éprouvettes cylindriques H32/16 ,3,T00015,Repli
Bét.tr,Essai de traction d’un béton ,D00065,La confection de six éprouvettes cylindriques H32/16 ,3,TD00065-1,CB
CB,Contrôle de béton,D00065,La confection de six éprouvettes cylindriques H32/16 ,3,TD00065-1,CB
CB,Contrôle de béton,D00066,La confection de neuf éprouvettes cylindriques H32/16 ,4,T00017,Saisie PV CB
CB,Contrôle de béton,D00066,La confection de neuf éprouvettes cylindriques H32/16 ,4,TD00066-3,Repli 9Ep
CB,Contrôle de béton,D00066,La confection de neuf éprouvettes cylindriques H32/16 ,4,TD00066-1,CB 9Ep
CB,Contrôle de béton,D00066,La confection de neuf éprouvettes cylindriques H32/16 ,4,TD00066-4,Rec repli 9Ep
RcGOA,Reconnaissance géotechnique°,D00067,Mesure de la densité au densitomètre a membranee.,2,TD00067,CC.
RcGV,Reconnaissance géotechnique^,D00067,Mesure de la densité au densitomètre a membranee.,24,TD00067,CC.
RcG,Reconnaissance géotechnique,D00067,Mesure de la densité au densitomètre a membranee.,24,TD00067,CC.
Dg.site-V,Diagnostic sur site^,D00067,Mesure de la densité au densitomètre a membranee.,13,TD00067,CC.
Sit,Essais in-situ^,D00067,Mesure de la densité au densitomètre a membranee.,2,TD00067,CC.
Dg.site,Diagnostic sur site ,D00067,Mesure de la densité au densitomètre a membranee.,25,TD00067,CC.
Allu.colmg poro,Contrôle de colmatage et porosité de la menuiserie aluminium ,D00069,Contrôle de colmatage et porosité de la menuiserie aluminium ,2,TD00069,Colmatage et porosité de la menuiserie aluminium 
Allu.colmg poro,Contrôle de colmatage et porosité de la menuiserie aluminium ,D00070,Rapport d'essai colmatage et porosité aluminium ,3,TD00070,Rapport d'essai colmatage et porosité aluminium 
CC-V,Contrôle de compacité^,D00071,Mesure de la densité au densitomètre à membrane ,2,TD00071,CC
CC,Contrôle de compacité  ,D00071,Mesure de la densité au densitomètre à membrane ,2,TD00071,CC
RpExpB,Elaboration du rapport d'éxpertise ,D00072,Avis sur la durabilité des matériaux de construction,3,TD00072,Avis sur la durabilité des matériaux de construction
Elec-TG,Contrôle de conformité de T.G.B.T (Tableau Général Basse Tension)  et A.G.B.T (Armoire Générale Basse Tension),D00074,Contrôle de conformité de T.G.B.T  et A.G.B.T,1,TD00074,Contrôle de conformité de T.G.B.T  et A.G.B.T
Elec-TG,Contrôle de conformité de T.G.B.T (Tableau Général Basse Tension)  et A.G.B.T (Armoire Générale Basse Tension),D00075,Rapport TGBT et AGBT ,2,TD00075,Rapport TGBT et AGBT 
Etc-6,Contrôle de l'étanchéité à l'air et à l'eau in situ de la menuiserie,D00076,Contrôle de l’étanchéité à l’aire et à l’eau in situ de la menuiserie,1,TD00076,Etanchéité à l’aire et à l’eau in situ de la menuiserie
Etc-6,Contrôle de l'étanchéité à l'air et à l'eau in situ de la menuiserie,D00077,Rapport d'essai étanchéité air et eau,2,TD00077,Rapport d'essai ET air et eau
Bois/Allu-2,Contrôle de la conformité de mise en œuvre de la menuiserie,D00078,Contrôle de la conformité de mise en œuvre de la menuiserie,1,TD00078,Contrôle de la conformité de mise en œuvre de la menuiserie
Bois/Allu-2,Contrôle de la conformité de mise en œuvre de la menuiserie,D00079,Rapport d'essai conformité menuiserie,2,TD00079,Rapport d'essai conformité menuiserie
Peint/Galv.adher,Contrôle de la peinture ou la galvanisation par essai d'adhérence,D00080,Contrôle de la peinture ou la galvanisation par essai d'adhérence,1,TD00080,Contrôle de la peinture ou la galvanisation par essai d'adhérence
Peint/Galv.adher,Contrôle de la peinture ou la galvanisation par essai d'adhérence,D00081,Rapport d'essai Adherence peinture,2,TD00081,Rapport d'essai Adherence peinture
Rvt,Contröle de la qualité des travaux de revêtement et de montage,D00082,Contröle de la qualité des travaux de revêtement et de montage,1,TD00082,Contröle de la qualité des travaux de revêtement et de montage
Rvt,Contröle de la qualité des travaux de revêtement et de montage,D00083,Rapport d'essai de contrôle de qualité des travaux revêtement,2,TD00083,Rapport d'essai CQ revetemet
Soud,Contrôle de la qualité des travaux de soudage et de montage,D00084,Contrôle des travaux de soudage et de montage,1,TD00084,Contrôle des travaux de soudage et de montage
Soud,Contrôle de la qualité des travaux de soudage et de montage,D00085,Rapport d'essai de qualité soudure,2,TD00085,Rapport d'essai qté soudure
Bois/Allu-5,Contrôle de la qualité du bois de la menuiserie ,D00086,Prélevement d'un échantillon de bois,1,TD00086-1,P.E.R. Bois
Bois/Allu-5,Contrôle de la qualité du bois de la menuiserie ,D00087,Contrôle de la qualité du bois de la menuiserie ,2,TD00087,Contrôle de la qualité du bois de la menuiserie 
Bois/Allu-5,Contrôle de la qualité du bois de la menuiserie ,D00088,Rapport d'essai contrôle qualité menuiserie,3,TD00088,Rapport d'essai CQ menuiserie
Boul,Contrôle des boulons,D00089,Prélevement des boulons,1,TD00089-1,P.E.R. Boulons
Boul,Contrôle des boulons,D00090,Contrôle des boulons,2,TD00090,Contrôle des boulons
Boul,Contrôle des boulons,D00091,vérification de la conformité au CPS et identification de la classe de résistance des boulons et des élèments de fixation,3,TD00091,Vérification de la conformité au CPS et identification de la classe de résistance des boulons et des élèments de fixation
Boul,Contrôle des boulons,D00092,Analyse chimique boulon,4,TD00092,Analyse chimique boulon
ECND,Expertise non déstructive du méttal,D00093,Intervention d'ingénieur sénior,3,TD00093,Intervention d'ingénieur sénior
ECNDA,Expertise non déstructive des assemblages soudés,D00093,Intervention d'ingénieur sénior,3,TD00093,Intervention d'ingénieur sénior
Pol.Site,Etude de pollution du site,D00093,Intervention d'ingénieur sénior,3,TD00093,Intervention d'ingénieur sénior
Boul,Contrôle des boulons,D00094,essai de traction (longueur> 40 mm et diamètre> 16mm) par diamètre de boulon et par classe de résistance,6,TD00094,Traction (longueur> 40 mm et diamètre> 16mm) par diamètre de boulon et par classe de résistance
Boul,Contrôle des boulons,D00095,Rapport d'essai boulons,8,TD00095,Rapport d'essai boulons
ECNDA,Expertise non déstructive des assemblages soudés,D00096,Contrôle des couples de serrage des boulons,8,TD00096,Contrôle des couples de serrage des boulons
CNDA,Contrôle non déstructif des assemblages soudés,D00096,Contrôle des couples de serrage des boulons,8,TD00096,Contrôle des couples de serrage des boulons
Serrg,Contrôle des couples de serrage des boulons,D00096,Contrôle des couples de serrage des boulons,1,TD00096,Contrôle des couples de serrage des boulons
Serrg,Contrôle des couples de serrage des boulons,D00097,Rapport d'essai serrage des boulons,2,TD00097,Rapport d'essai serrage des boulons
Assm Soud.dim,Contrôle dimensionnel des assemblages soudés (ISO 17635),D00098,Contrôle dimensionnel des assemblages soudés (ISO 17635),1,TD00098,CNDA dimensionnel (ISO 17635)
CNDA,Contrôle non déstructif des assemblages soudés,D00098,Contrôle dimensionnel des assemblages soudés (ISO 17635),4,TD00098,CNDA dimensionnel (ISO 17635)
ECNDA,Expertise non déstructive des assemblages soudés,D00098,Contrôle dimensionnel des assemblages soudés (ISO 17635),4,TD00098,CNDA dimensionnel (ISO 17635)
Assm Soud.dim,Contrôle dimensionnel des assemblages soudés (ISO 17635),D00099,Rapport d'essai C.Dimensionnel,2,TD00099,Rapport d'essai C.Dimensionnel
CND,Contrôle non déstructif du méttal,D00100,Contrôle par ultra-sons ( ISO 17640),4,TD00100,CND par ultra-sons ( ISO 17640)
ECND,Expertise non déstructive du méttal,D00100,Contrôle par ultra-sons ( ISO 17640),4,TD00100,CND par ultra-sons ( ISO 17640)
Ultra,Contrôle par ultrasons,D00100,Contrôle par ultra-sons ( ISO 17640),1,TD00100,CND par ultra-sons ( ISO 17640)
ECND,Expertise non déstructive du méttal,D00101,Contrôle par magnétoscopie (ISO 17638),5,TD00101,CND par magnétoscopie (ISO 17638)
CND,Contrôle non déstructif du méttal,D00101,Contrôle par magnétoscopie (ISO 17638),5,TD00101,CND par magnétoscopie (ISO 17638)
Magnéto,Contrôle de surface par magnétoscopie,D00101,Contrôle par magnétoscopie (ISO 17638),1,TD00101,CND par magnétoscopie (ISO 17638)
ECND,Expertise non déstructive du méttal,D00102,Contrôle par ressuage (ISO 12706),6,TD00102,CND par ressuage (ISO 12706)
CND,Contrôle non déstructif du méttal,D00102,Contrôle par ressuage (ISO 12706),6,TD00102,CND par ressuage (ISO 12706)
CND,Contrôle non déstructif du méttal,D00103,Contrôle de multiéléments par Phase d’Array,7,TD00103,CND de multiéléments par Phase d’Array
ECND,Expertise non déstructive du méttal,D00103,Contrôle de multiéléments par Phase d’Array,7,TD00103,CND de multiéléments par Phase d’Array
Ultra,Contrôle par ultrasons,D00105,Rapport d'essai ultrasons,2,TD00105,Rapport d'essai ultrasons
Radiog,Contrôle par radiographie,D00106,Contrôle par radiographie,1,TD00106,Contrôle radiographique
Radiog,Contrôle par radiographie,D00107,Rapport d'essai radio,2,TD00107,Rapport d'essai radio
Peint/Galv-2,Contrôle visuel de la peinture ou la galvanisation et mesure d'épaisseur,D00108,Contrôle visuel de la peinture ou la galvanisation et mesure d'épaisseur,1,TD00108,Contrôle visuel de la peinture ou la galvanisation et mesure d'épaisseur
Peint/Galv-2,Contrôle visuel de la peinture ou la galvanisation et mesure d'épaisseur,D00109,Rapport d'essai EP galvanisation,2,TD00109,Rapport d'essai EP galvanisation
CNDA,Contrôle non déstructif des assemblages soudés,D00110,Contrôle non destructif de compacité de réception des assemblages soudés par radiographie (ISO17636-1),5,TD00110,CNDA par radiographie (ISO17636-1)
ECNDA,Expertise non déstructive des assemblages soudés,D00110,Contrôle non destructif de compacité de réception des assemblages soudés par radiographie (ISO17636-1),5,TD00110,CNDA par radiographie (ISO17636-1)
ECNDA,Expertise non déstructive des assemblages soudés,D00111,Contrôle non destructif de surface des assemblages soudés par magnétoscopie (ISO 17638),6,TD00111,CNDA par magnétoscopie (ISO 17638)
CNDA,Contrôle non déstructif des assemblages soudés,D00111,Contrôle non destructif de surface des assemblages soudés par magnétoscopie (ISO 17638),6,TD00111,CNDA par magnétoscopie (ISO 17638)
CNDA,Contrôle non déstructif des assemblages soudés,D00112,Contrôle non destructif de surface des assemblages soudés par courant de Foucault (ISO12718),7,TD00112,CNDA par courant de Foucault (ISO12718)
ECNDA,Expertise non déstructive des assemblages soudés,D00112,Contrôle non destructif de surface des assemblages soudés par courant de Foucault (ISO12718),7,TD00112,CNDA par courant de Foucault (ISO12718)
ECNDA,Expertise non déstructive des assemblages soudés,D00113,Contrôle visuel des soudures suivants la norme NF-EN-ISO17637,10,TD00113,Contrôle visuel des soudures suivants la norme NF-EN-ISO17637
CNDA,Contrôle non déstructif des assemblages soudés,D00113,Contrôle visuel des soudures suivants la norme NF-EN-ISO17637,10,TD00113,Contrôle visuel des soudures suivants la norme NF-EN-ISO17637
RésElec,Mesure de résistivité électrique,D00116,Journée de technicien chargé de mission,1,TD00116,Journée de technicien chargé de mission
E.Perméa,Essai de perméabilité du sol,D00117,Réalisation de sondage manuel pour essai de perméabilité,3,TD00117,Sondage manuel pour essai de perméabilité
E.Perméa,Essai de perméabilité du sol,D00118,Réalisation de sondage carotté pour essai de perméabilité,5,TD00118,Sondage carotté pour essai de perméabilité
E.Perméa,Essai de perméabilité du sol,D00119,Essai lefranc pour l'evaluation de la capacité d'infiltration,6,TD00119,Lefranc
IP,Essai des limites d'atterberg,D00121,Prélevement de materiau pour essai des limites d'atterberg,1,TD00121-1,P.E.R. pour IP
IdGrEb,Identification des agregats pour enrobé,D00122,Détermination des limites d’Atterberg,3,T00024,IP 
IdTV-V,Identification TV^,D00122,Détermination des limites d’Atterberg,3,T00024,IP 
IdTV,Identification TV,D00122,Détermination des limites d’Atterberg,3,T00024,IP 
IP,Essai des limites d'atterberg,D00122,Détermination des limites d’Atterberg,3,T00024,IP 
IdR-V,Identification remblai^,D00122,Détermination des limites d’Atterberg,3,T00024,IP 
IdR,Identification remblai,D00122,Détermination des limites d’Atterberg,3,T00024,IP 
MS,Identification MS,D00122,Détermination des limites d’Atterberg,3,T00024,IP 
MCR,Identification MCR  ,D00122,Détermination des limites d’Atterberg,3,T00024,IP 
IdCF,Identification couche de forme  ,D00122,Détermination des limites d’Atterberg,3,T00024,IP 
IdAC,Identification couche Anti-contaminante ,D00122,Détermination des limites d’Atterberg,3,T00024,IP 
LabOA,Essais de laboratoire°,D00122,Détermination des limites d’Atterberg,3,T00024,IP 
LabV,Essais de laboratoire^,D00122,Détermination des limites d’Atterberg,5,T00024,IP 
LabB,Essais de laboratoire,D00122,Détermination des limites d’Atterberg,5,T00024,IP 
IP,Essai des limites d'atterberg,D00123,Rapport d'essai IP,3,TD00123,Rapport d'essai IP
Cmt/Mort.dsg,Essai de contrôle de dosage en ciment d'un béton ou d'un mortier frais,D00124,Prélevement de Béton ou Mortier frais  pour dosage ciment ,1,TD00124-1,P.E.R. Béton ou Mortier frais pour dosage ciment
Cmt/Mort.dsg,Essai de contrôle de dosage en ciment d'un béton ou d'un mortier frais,D00125,Dosage en ciment d'un béton ou d'un mortier frais,2,TD00125,Dosage en ciment d'un béton ou d'un mortier frais
Mort,Essais sur mortier ,D00126,Essai accéléré à l’autoclave sur mortier,2,TD00126,Essai accéléré à l’autoclave sur mortier
Cmt/Mort.D.dsg,Essai de contrôle de dosage en ciment d'un béton ou d'un mortier durci,D00126,Essai accéléré à l’autoclave sur mortier,3,TD00126,Essai accéléré à l’autoclave sur mortier
Cmt/Mort.dsg,Essai de contrôle de dosage en ciment d'un béton ou d'un mortier frais,D00127,Rapport d'essai dosage ciment,4,TD00127,Rapport d'essai dosage ciment
Cmt/Mort.D.dsg,Essai de contrôle de dosage en ciment d'un béton ou d'un mortier durci,D00127,Rapport d'essai dosage ciment,4,TD00127,Rapport d'essai dosage ciment
EmB,Essais sur émulsion de bitume,D00128,Prélevement d'émultion de bitume,1,TD00128-1,P.E.R. Emulssion de bitume
Adhes,Essai d’adhésivité (granulats – liants)  ,D00129,Essais d’adhésivité émulsion-granulat,2,TD00129,Adhésivité émulsion-granulat
EmB,Essais sur émulsion de bitume,D00129,Essais d’adhésivité émulsion-granulat,2,TD00129,Adhésivité émulsion-granulat
EmB,Essais sur émulsion de bitume,D00130,Charge des émulsions,3,TD00130,Charge des émulsions
EmB,Essais sur émulsion de bitume,D00131,Teneur en eau des émulsions de bitume,4,TD00131,W% des émulsions de bitume
EmB,Essais sur émulsion de bitume,D00132,Homogénéité des émulsions de bitume,5,TD00132,Homogénéité des émulsions de bitume
EmB,Essais sur émulsion de bitume,D00133,Indice de rupture des émulsions de bitume,6,TD00133,Indice de rupture des émulsions de bitume
EmB,Essais sur émulsion de bitume,D00134,Teneur en diluants pétroliers,7,TD00134,Teneur en diluants pétroliers
EmB,Essais sur émulsion de bitume,D00135,Pseudo viscosité à 25°C des émulsions de bitume,8,TD00135,Pseudo viscosité à 25°C des émulsions de bitume
EmB,Essais sur émulsion de bitume,D00136,Stabilité au stockage des émulsions de bitume,9,TD00136,Stabilité au stockage des émulsions de bitume
EmB,Essais sur émulsion de bitume,D00137,Rapport d'essai Emulssion de bitume,10,TD00137,Rapport d'essai Emulsion bitume
Enr,Essais sur enrochement,D00138,Prélevement des enrochements,1,TD00138-1,P.E.R. Enrochement
EnrBloc,Essai blocométrie sur enrrochement,D00139,Analyse blocométrique de l'enrochement,2,TD00139,Blocométrie de l'enrochement
Enr,Essais sur enrochement,D00140,Mesure de la masse volumique séche de l'enrochement,3,TD00140,MV/hydrostatique enrochement
Enr,Essais sur enrochement,D00141,Essai de résistance à la compression uni-axial des roches,13,T00025,RC roche
LabOA,Essais de laboratoire°,D00141,Essai de résistance à la compression uni-axial des roches,13,T00025,RC roche
LabV,Essais de laboratoire^,D00141,Essai de résistance à la compression uni-axial des roches,15,T00025,RC roche
LabB,Essais de laboratoire,D00141,Essai de résistance à la compression uni-axial des roches,15,T00025,RC roche
IdTV-V,Identification TV^,D00142,Essai de dureté Los Angeles,8,T00034,LA 
IdTV,Identification TV,D00142,Essai de dureté Los Angeles,8,T00034,LA 
MS,Identification MS,D00142,Essai de dureté Los Angeles,8,T00034,LA 
MCR,Identification MCR  ,D00142,Essai de dureté Los Angeles,8,T00034,LA 
IdGrEb,Identification des agregats pour enrobé,D00142,Essai de dureté Los Angeles,8,T00034,LA 
IdAgV,Identification des agregats pour béton^,D00142,Essai de dureté Los Angeles,8,T00034,LA 
IdAgB,Identification des agregats pour béton ,D00142,Essai de dureté Los Angeles,8,T00034,LA 
Enr,Essais sur enrochement,D00142,Essai de dureté Los Angeles,8,T00034,LA 
LA,Essai de dureté Los Angeles (LA),D00142,Essai de dureté Los Angeles,8,T00034,LA 
IdCF,Identification couche de forme  ,D00142,Essai de dureté Los Angeles,5,T00034,LA 
IdGrB,dentification gravette à béton (Vérification),D00142,Essai de dureté Los Angeles,6,T00034,LA 
IdAgB,Identification des agregats pour béton ,D00143,Mesure du coefficient d’absorption du sable,5,TD00143,Abs
IdAgV,Identification des agregats pour béton^,D00143,Mesure du coefficient d’absorption du sable,5,TD00143,Abs
IdGrB,dentification gravette à béton (Vérification),D00143,Mesure du coefficient d’absorption du sable,4,TD00143,Abs
IdSB,Identification sable pour béton,D00143,Mesure du coefficient d’absorption du sable,4,TD00143,Abs
IdSBV,Identification sable pour béton VRD,D00143,Mesure du coefficient d’absorption du sable,4,TD00143,Abs
T.Plomb,Essais sur travaux de plomberie,D00144,Essais d’étanchéité ,1,TD00144,Essais d’étanchéité 
Enr,Essais sur enrochement,D00145,Rapport d'essai Enrochement,8,TD00145,Rapport Enrochement
RpB,Elaboration du rapport d'étude,D00691,Elaboration du dossier géotechnique,16,TD00691,Construction du dossier géotechnique
RpOA,Elaboration du rapport d'étude°,D00691,Elaboration du dossier géotechnique,16,TD00691,Construction du dossier géotechnique
EB.PCG,Essai à la PCG sur l’EB 0/10mm,D00146,Prélevement EB pr PCG,1,TD00146-1,P.E.R. EB pour PCG
EB.PCG,Essai à la PCG sur l’EB 0/10mm,D00147,Essai à la PCG sur l’EB 0/10mm,2,TD00147,Essai à la PCG sur l’EB 0/10mm
EB.PCG,Essai à la PCG sur l’EB 0/10mm,D00148,Rapport d'essai PCG,3,TD00148,Rapport d'essai PCG
RcG,Reconnaissance géotechnique,D00151,Essai de portance des plates- formes: Module sous chargement statique à la plaque,26,TD00151,Plaque y/c camion
RcGOA,Reconnaissance géotechnique°,D00151,Essai de portance des plates- formes: Module sous chargement statique à la plaque,24,TD00151,Plaque y/c camion
RcGV,Reconnaissance géotechnique^,D00151,Essai de portance des plates- formes: Module sous chargement statique à la plaque,26,TD00151,Plaque y/c camion
RésElec,Mesure de résistivité électrique,D00152,Essais chimiques pour résistivité electrique ,5,T00019,Teneur MO
RésElec,Mesure de résistivité électrique,D00152,Essais chimiques pour résistivité electrique ,5,T00036,Teneur des ions chlorures
E PlaqV,Essai à la plaque^,D00153,Essai de portance des plates- formes: Module sous chargement statique à la plaque avec la mise à disposition du camion à votre charge,4,TD00153,Plaque sans camion
E Plaq,Essai à la plaque,D00153,Essai de portance des plates- formes: Module sous chargement statique à la plaque avec la mise à disposition du camion à votre charge,4,TD00153,Plaque sans camion
Dg.site-V,Diagnostic sur site^,D00155,Prélevement et échantillonage intact et/ou remanié pour diagnostic,6,TD00155,P.E.R. pour diagnostic sur site
Dg.site,Diagnostic sur site ,D00155,Prélevement et échantillonage intact et/ou remanié pour diagnostic,5,TD00155,P.E.R. pour diagnostic sur site
Bois/Allu-1,"Essai AEV sur fenêtre en bois ou aluminium (perméabilité à l'Air, d'étanchéité à l'Eau et de résistance au Vent)",D00156,Perméabilité à l'Air sur fenêtre en bois ou aluminium,2,TD00156,Perméabilité à l'Air sur fenêtre en bois ou aluminium
Bois/Allu-1,"Essai AEV sur fenêtre en bois ou aluminium (perméabilité à l'Air, d'étanchéité à l'Eau et de résistance au Vent)",D00157,Etanchéité à l'Eau sur fenêtre en bois ou aluminium,3,TD00157,Etanchéité à l'eau sur fenêtre en bois ou aluminium
Bois/Allu-1,"Essai AEV sur fenêtre en bois ou aluminium (perméabilité à l'Air, d'étanchéité à l'Eau et de résistance au Vent)",D00158,Résistance au Vent  fenêtre en bois ou aluminium,4,TD00158,Résistance au Vent  fenêtre en bois ou aluminium
VBS,Essai au bleu de méthylène du sol,D00160,Prélevement de materiau pour essai au bleu de méthylène,1,TD00160-1,P.E.R. pour VB
VB,Essai au bleu de méthylène ,D00160,Prélevement de materiau pour essai au bleu de méthylène,1,TD00160-1,P.E.R. pour VB
IdR-V,Identification remblai^,D00161,Essai au bleu de méthyléne,4,T00029,VBS
IdR,Identification remblai,D00161,Essai au bleu de méthyléne,4,T00029,VBS
VBS,Essai au bleu de méthylène du sol,D00161,Essai au bleu de méthyléne,4,T00029,VBS
IdCF,Identification couche de forme  ,D00161,Essai au bleu de méthyléne,4,T00029,VBS
VBS,Essai au bleu de méthylène du sol,D00162,Rapport d'essai VBS,3,TD00162,Rapport d'essai VBS
CBR,Essai CBR,D00163,Prélevement de matériau pour essai CBR,1,TD00163-1,P.E.R. pour CBR
MCR,Identification MCR  ,D00164,Essai CBR,2,TD00164,CBR
LabOA,Essais de laboratoire°,D00164,Essai CBR,13,TD00164,CBR
LabV,Essais de laboratoire^,D00164,Essai CBR,12,TD00164,CBR
LabB,Essais de laboratoire,D00164,Essai CBR,12,TD00164,CBR
CBR,Essai CBR,D00164,Essai CBR,2,TD00164,CBR
CBR,Essai CBR,D00165,Rapport CBR,3,TD00165,Rapport d'essai CBR
Adhes,Essai d’adhésivité (granulats – liants)  ,D00166,Prélevement mélange granulat -liant,1,TD00166-1,P.E.R. Granulat-liant
T.Plomb,Essais sur travaux de plomberie,D00167,Contrôle de fonctionnement ,2,TD00167,Contrôle de fonctionnement 
Adhes,Essai d’adhésivité (granulats – liants)  ,D00168,Rapport d'essai adhésivité,3,TD00168,Rapport d'essai adhésivité
autoclave,Essai d’alcali réaction à l’autoclave sur béton,D00169,Prélevement de Béton,1,TD00169-1,P.E.R. Béton alcali réaction
autoclave,Essai d’alcali réaction à l’autoclave sur béton,D00170,Essai d’alcali réaction à l’autoclave sur béton,2,TD00170,Alcali réaction à l’autoclave sur béton
autoclave,Essai d’alcali réaction à l’autoclave sur béton,D00171,Rapport d'essai d'autoclave,3,TD00171,Rapport d'essai d'autoclave
Aff,Essai d'affaissement au cone d'Abrams,D00172,Essai d'affaissement au cône d’Abrams,1,TD00172,Affaissement au cone d'Abrams
AG,Essai d'analyse granulométrique,D00174,Prélevement de materiau pour essai granulometrique,1,TD00174-1,P.E.R. Gr pour AG
IdLPS,Identification lit de pose en sable,D00175,Analyse granulométrique par tamisage,2,TD00175,AG Gr
IdMD,identification matériau drainan,D00175,Analyse granulométrique par tamisage,2,TD00175,AG Gr
IdSB,Identification sable pour béton,D00175,Analyse granulométrique par tamisage,2,TD00175,AG Gr
IdSBV,Identification sable pour béton VRD,D00175,Analyse granulométrique par tamisage,2,TD00175,AG Gr
IdTV-V,Identification TV^,D00175,Analyse granulométrique par tamisage,2,TD00175,AG Gr
IdTV,Identification TV,D00175,Analyse granulométrique par tamisage,2,TD00175,AG Gr
MS,Identification MS,D00175,Analyse granulométrique par tamisage,2,TD00175,AG Gr
IdGrEb,Identification des agregats pour enrobé,D00175,Analyse granulométrique par tamisage,2,TD00175,AG Gr
IdAgV,Identification des agregats pour béton^,D00175,Analyse granulométrique par tamisage,2,TD00175,AG Gr
IdAgB,Identification des agregats pour béton ,D00175,Analyse granulométrique par tamisage,2,TD00175,AG Gr
IdGrB,dentification gravette à béton (Vérification),D00175,Analyse granulométrique par tamisage,3,TD00175,AG Gr
MH,Essais sur mélanges hydrocarbonés,D00175,Analyse granulométrique par tamisage,5,TD00175,AG Gr
Enr,Essais sur enrochement,D00175,Analyse granulométrique par tamisage,2,TD00175,AG Gr
IdLPG,"Identification lit de pose en gravette
",D00175,Analyse granulométrique par tamisage,2,TD00175,AG Gr
Extr,Essai d'extraction y compris mesure du dosage des liants,D00175,Analyse granulométrique par tamisage,3,TD00175,AG Gr
AG,Essai d'analyse granulométrique,D00175,Analyse granulométrique par tamisage,2,TD00175,AG Gr
AG,Essai d'analyse granulométrique,D00176,Rapport d'essai Analyse granulométrique,3,TD00176,Rapport d'essai AG
Ang,Essai d'angularité,D00177,Prélevement de materiau pour essai Angularité,1,TD00177-1,P.E.R. pour Angularité
Ang,Essai d'angularité,D00178,Essai d'angularité,2,TD00178,Angularité
Ang,Essai d'angularité,D00179,Rapport d'essai Angularité,3,TD00179,Rapport d'essai Angularité
End.arr,Essai d'arrachement sur enduit,D00180,Installation des supports de l'essai ,2,T00022,Installation des pastilles
End.arr,Essai d'arrachement sur enduit,D00181,Essai de mesure de résistance à l’arrachement de l’enduit,3,TD00181,Arrachement enduit
End.arr,Essai d'arrachement sur enduit,D00182,Essai de la planéité des enduits ,4,TD00182,Planéité des enduits 
End.pln,Essai de la planéité des enduits ,D00182,Essai de la planéité des enduits ,1,TD00182,Planéité des enduits 
Bet.spéc,Essais spéciaux sur béton,D00186,Carottage d’un élément de béton y/c l’installation par point,1,TD00186-1,Carottage B
Bét.rc,Essai de résistance à la compression simple sur éprouvette béton,D00186,Carottage d’un élément de béton y/c l’installation par point,1,TD00186-1,Carottage B
E.carottB,Essai de Carottage de béton,D00186,Carottage d’un élément de béton y/c l’installation par point,1,TD00186-1,Carottage B
E.Chargmt,Essai de chargement d'une plate forme,D00189,"Location des masses de chargement (masse,sac et /ou ciment)",3,TD00189,"Location des masses de chargement (masse,sac et /ou ciment)"
Dall.charg,Essais de chargement d'une dalle,D00189,"Location des masses de chargement (masse,sac et /ou ciment)",2,TD00189,"Location des masses de chargement (masse,sac et /ou ciment)"
E.Chargmt,Essai de chargement d'une plate forme,D00190,Essai de chargement de la plate forme ( cycle de chargement /déchargement pendant 48 heures selon le mode LPC),4,TD00190,Chargement de la plate forme
Peint-dsg,Essai de contrôle de dosage de peinture et billes de verre,D00192,Essai de contrôle de dosage de peinture et billes de verre,1,TD00192,Dosage de peinture et billes de verre
E.Cvn CB,Essai de convenance sur centrale à béton,D00193,Réalisation de la gachée au chantier en respectant le dosage théorique,3,T00015,Repli
E.Cvn CB,Essai de convenance sur centrale à béton,D00193,Réalisation de la gachée au chantier en respectant le dosage théorique,3,T00016,Rec repli
E.Cvn CB,Essai de convenance sur centrale à béton,D00193,Réalisation de la gachée au chantier en respectant le dosage théorique,3,T00017,Saisie PV CB
E.Cvn CB,Essai de convenance sur centrale à béton,D00193,Réalisation de la gachée au chantier en respectant le dosage théorique,3,TD00193-1,Convenance
Dà25°,Mesure de densité relative à 25 °c,D00196,Essai de densité relative à 25 °c,2,TD00196,Densité relative à 25 °c
Dà25°,Mesure de densité relative à 25 °c,D00197,Rapport d'essai densité relative à 25 °c,3,TD00197,Rapport d'essai densité relative à 25 °c
Ductil,Essai de ductilité à 25°c,D00198,Rapport d'essai ductilité,3,TD00198,Rapport d'essai ductilité
LA,Essai de dureté Los Angeles (LA),D00199,Prélevement de materiau pour essai Los Angeles,1,TD00199-1,P.E.R. pour LA
LA,Essai de dureté Los Angeles (LA),D00200,Rapport d'essai LA,3,TD00200,Rapport d'essai LA
LabB,Essais de laboratoire,D00202,mesure de la teneur en eau,4,TD00202,w% sol
LabOA,Essais de laboratoire°,D00202,mesure de la teneur en eau,4,TD00202,w% sol
LabV,Essais de laboratoire^,D00202,mesure de la teneur en eau,4,TD00202,w% sol
µ,Essai de la teneur en eau,D00203,Rapport d'essai Tenuer eau,3,TD00203,Rapport d'essai Tenuer eau
µ paraf,Essai de la teneur en paraffine,D00204,Rapport d'essai teneur paraffine,3,TD00204,Rapport d'essai teneur paraffine
Peint-arr,Essai de l'arrachement de la peinture ,D00205,Contrôle d'adhérence par arrachement sur peinture appliqué,2,TD00205-2,Arrachement peinture
Peint-arr,Essai de l'arrachement de la peinture ,D00205,Contrôle d'adhérence par arrachement sur peinture appliqué,2,T00022,Installation des pastilles
Accr.dsg,Essai de contrôle du dosage de la couche d'accrochage,D00207,Mesure du dosage de la couche d’accrochage,1,TD00207-3,Dosage de la couche d'accrochage
Impr.dsg,Essai de contrôle du dosage de la couche d’imprégnation ,D00208,Mesure du dosage de la couche d’imprégnation ,2,TD00208,Dosage de la couche d'imprégnation
Dg.site,Diagnostic sur site ,D00209,Auscultation sclérométrique d’un échantillonnage du béton..,6,TD00209,A Scléro..
Penétrab,Essai de pénétrabilité à 25 °C,D00210,Rapport d'essai pénétrabilité,3,TD00210,Rapport d'essai pénétrabilité
Pt eclair,Essai de point d'éclair,D00211,Rapport d'essai point d'éclair,3,TD00211,Rapport d'essai point d'éclair
G.pr sup,Essai de propreté superficielle des granulats,D00212,Prélevement de materiau pour essai de propreté superficielle,1,TD00212-1,P.E.R. Gr pour propreté superficielle
Dg.site,Diagnostic sur site ,D00213,Auscultation dynamique d’un échantillonnage du béton..,7,TD00213,A Dynamique..
G.pr sup,Essai de propreté superficielle des granulats,D00214,Rapport d'essai Propreté,3,TD00214,Rapport d'essai Propreté Gr
Bois/Allu-4,"Essai de résistance à l'effraction des grilles, fenêtres et chassis",D00215,"Prélevement des grilles, fenêtres et chassis",1,TD00215-1,"P.E.R. Grilles, Fenêtres et Chassis"
Bois/Allu-4,"Essai de résistance à l'effraction des grilles, fenêtres et chassis",D00216,"Essai de résistance à l'effraction des grilles , fenêtres et chassis",2,TD00216,"Résistance à l'effraction des grilles , fenêtres et chassis"
Bois/Allu-4,"Essai de résistance à l'effraction des grilles, fenêtres et chassis",D00217,Rapport d'essai RC Grille,3,TD00217,Rapport d'essai RC Grille
Bois/Allu-3,Essai de résistance des portes en Menuiserie bois - aluminium  - métallique et ferronnerie ,D00218,Prélevement des portes ,1,TD00218-1,P.E.R. Portes 
Bois/Allu-3,Essai de résistance des portes en Menuiserie bois - aluminium  - métallique et ferronnerie ,D00219,Essai de résistance des portes en Menuiserie bois - aluminium  - métallique et ferronnerie ,2,TD00219,Résistance des portes en Menuiserie bois - aluminium  - métallique et ferronnerie 
Bois/Allu-3,Essai de résistance des portes en Menuiserie bois - aluminium  - métallique et ferronnerie ,D00220,Rapport d'essai RC Porte Menuiserie,3,TD00220,Rapport d'essai RC Porte
Magnéto,Contrôle de surface par magnétoscopie,D00221,Rapport d'essai magnéto,2,TD00221,Rapport d'essai magnéto
ES,Essai d'équivalent de sable,D00224,Prélevement de materiau pour essai équivalent de sable,1,TD00224-1,P.E.R. pour ES
ES,Essai d'équivalent de sable,D00226,Rapport d'essai ES,3,TD00226,Rapport d'essai ES
Etc-5,Essai d'étanchéité à l'eau in situ sur fenêtres menuiserie,D00227,Essai d'étanchéité au vent in situ sur fenêtres menuiserie,1,TD00227,Etanchéité au vent in situ sur fenêtres menuiserie
Deval,Essai MDE,D00229,Prélevement de materiau pour essai MDE,1,TD00229-1,P.E.R. pour MDE
Pol.Site,Etude de pollution du site,D00230,Réception des sondages par un technicien spécialisé,3,TD00230,Réception des sondages par un technicien spécialisé
Deval,Essai MDE,D00231,Rapport d'essai MDE,3,TD00231,Rapport d'essai MDE
Extr,Essai d'extraction y compris mesure du dosage des liants,D00232,Prélevement Enrobé,1,TD00232-1,P.E.R. Enrobé pour extraction
MH,Essais sur mélanges hydrocarbonés,D00233,Essai d’extraction bitume pour détermination dosage et granularité du mélange minéral,4,TD00233,Extraction pour teneur en liant
Extr,Essai d'extraction y compris mesure du dosage des liants,D00233,Essai d’extraction bitume pour détermination dosage et granularité du mélange minéral,2,TD00233,Extraction pour teneur en liant
Extr,Essai d'extraction y compris mesure du dosage des liants,D00234,Rapport d'essai EB,4,TD00234,Rapport d'essai extraction EB
Peint-id,Essai d'identification de peinture,D00235,Détermination de la teinte de la peinture,1,TD00235,Teinte de la peinture
Peint-id,Essai d'identification de peinture,D00236,Détermination de l'aspect de la peinture,2,TD00236,Aspect de la peinture
Ea.org,Parametres organoleptiques de l'eau,D00237,Couleur,2,TD00237,Couleur
Peint-id,Essai d'identification de peinture,D00237,Couleur,3,TD00237,Couleur
Sol.PC,Parametres physico-chimiques de sol contaminé,D00237,Couleur,2,TD00237,Couleur
LabOA,Essais de laboratoire°,D00238,Mesure de la masse volumique des particules solides : méthode du pycnomètre à eau,31,TD00238,MV au pycnomètre à eau
LabV,Essais de laboratoire^,D00238,Mesure de la masse volumique des particules solides : méthode du pycnomètre à eau,27,TD00238,MV au pycnomètre à eau
Peint-id,Essai d'identification de peinture,D00238,Mesure de la masse volumique des particules solides : méthode du pycnomètre à eau,4,TD00238,MV au pycnomètre à eau
LabOA,Essais de laboratoire°,D00238,Mesure de la masse volumique des particules solides : méthode du pycnomètre à eau,31,TD00238-1,MV spécifique pycno
LabV,Essais de laboratoire^,D00238,Mesure de la masse volumique des particules solides : méthode du pycnomètre à eau,27,TD00238-1,MV spécifique pycno
Peint-id,Essai d'identification de peinture,D00238,Mesure de la masse volumique des particules solides : méthode du pycnomètre à eau,4,TD00238-1,MV spécifique pycno
Coul.Inj,Essais sur coulis d'injection,D00239,Détermination de la viscosité,3,TD00239,Viscosité à 25°C
Peint-id,Essai d'identification de peinture,D00239,Détermination de la viscosité,5,TD00239,Viscosité à 25°C
Peint-id,Essai d'identification de peinture,D00240,Test de Composés organiques volatils (COV),6,TD00240,Composés organiques volatils (COV)
Peint-id,Essai d'identification de peinture,D00241,Extrait sec,7,TD00241,Extrait sec.
Peint-id,Essai d'identification de peinture,D00242,Rapport d'essai ID Peinture,8,TD00242,Rapport d'essai ID Peinture
Agg,Essais sur élements de maçonnerie en béton de granulats ,D00719,Mesure des caractéristiques dimensionnelle^^,3,TD00719,Dimensions Agglos 
pt ram.BA,Essai du point de ramollissement bille et anneau,D00244,Rapport d'essai bille anneau,3,TD00244,Rapport d'essai bille anneau
Mort,Essais sur mortier ,D00245,Essai de résistance à la traction par flexion du mortier,4,TD00245-1,RT  Mort 7j
Mort,Essais sur mortier ,D00245,Essai de résistance à la traction par flexion du mortier,4,TD00245-2,RT  Mort 28j
prt masse,Essai du pourcentage de perte de masse au chauffage à 163°C,D00246,Rapport d'essai % perte de masse,3,TD00246,Rapport d'essai % perte de masse
Duriez,Essai Duriez,D00247,Prélevement de materiau pour essai Duriez,1,TD00247-1,P.E.R. pour Duriez
MH,Essais sur mélanges hydrocarbonés,D00248,Essai Duriez sur mélanges hydrocarbonés à chaud,7,TD00248,Duriez à chaud
Duriez,Essai Duriez,D00248,Essai Duriez sur mélanges hydrocarbonés à chaud,2,TD00248,Duriez à chaud
Duriez,Essai Duriez,D00249,Essai Duriez sur mélanges hydrocarbonés à froid,3,TD00249,Duriez à froid
MH,Essais sur mélanges hydrocarbonés,D00249,Essai Duriez sur mélanges hydrocarbonés à froid,8,TD00249,Duriez à froid
Duriez,Essai Duriez,D00250,Rapport d'essai Duriez,4,TD00250,Rapport d'essai Duriez
Mrshl,Essai Marshall,D00251,Prélevement de materiau pour essai Marshall,1,TD00251-1,P.E.R. pour Marshall
MH,Essais sur mélanges hydrocarbonés,D00252,Essai Marshall,6,TD00252,Marshall
Mrshl,Essai Marshall,D00252,Essai Marshall,2,TD00252,Marshall
Mrshl,Essai Marshall,D00253,Rapport d'essai Marshall,3,TD00253,Rapport d'essai Marshall
Buse.L,Essais sur buses,D00254,Essai de résistance à la traction par flexion sur buse,2,TD00254,RT/flx Buse
E.carott-V,Essai de carottage^,D00255,Carottage d'un échantillonnage de point VRD,3,TD00255-1,Carottage VRD
Pr,Essai proctor,D00257,Prélevement de matériau pour essai Proctor,1,TD00257-1,P.E.R. pour Proctor
Pr-OA,Essai Proctor standard ou modifié,D00257,Prélevement de matériau pour essai Proctor,1,TD00257-1,P.E.R. pour Proctor
Pr-V,Essai proctor^,D00257,Prélevement de matériau pour essai Proctor,1,TD00257-1,P.E.R. pour Proctor
Pr,Essai proctor,D00257,Prélevement de matériau pour essai Proctor,1,TD00257-3,Saisie PV Proctor
Pr-OA,Essai Proctor standard ou modifié,D00257,Prélevement de matériau pour essai Proctor,1,TD00257-3,Saisie PV Proctor
Pr-V,Essai proctor^,D00257,Prélevement de matériau pour essai Proctor,1,TD00257-3,Saisie PV Proctor
LabOA,Essais de laboratoire°,D00258,Essais Proctor Normal ou Modifié,11,TD00258,Proctor Normal ou Modifié
LabV,Essais de laboratoire^,D00258,Essais Proctor Normal ou Modifié,11,TD00258,Proctor Normal ou Modifié
LabB,Essais de laboratoire,D00258,Essais Proctor Normal ou Modifié,11,TD00258,Proctor Normal ou Modifié
Pr-V,Essai proctor^,D00258,Essais Proctor Normal ou Modifié,2,TD00258,Proctor Normal ou Modifié
Pr-OA,Essai Proctor standard ou modifié,D00258,Essais Proctor Normal ou Modifié,2,TD00258,Proctor Normal ou Modifié
Pr,Essai proctor,D00258,Essais Proctor Normal ou Modifié,2,TD00258,Proctor Normal ou Modifié
Buse.L,Essais sur buses,D00718,Mesure des caractéristique dimensionnelle^,3,TD00718,Dimensions Buse
Pr-V,Essai proctor^,D00260,Rapport d'essai Proctor,4,TD00260,Rapport d'essai Proctor
Pr-OA,Essai Proctor standard ou modifié,D00260,Rapport d'essai Proctor,4,TD00260,Rapport d'essai Proctor
Pr,Essai proctor,D00260,Rapport d'essai Proctor,4,TD00260,Rapport d'essai Proctor
Etc-4,Essai d'adhérence sur étanchéité,D00261,Installation des supports de l'essai.,1,TD00261,Installation des pastilles.
Acier,Essais sur aciers ,D00262,Prélevement des aciers,1,T00005,P.E.R. Acier
Acier.plig,Essai de pliages des armatures de différents diamètres,D00262,Prélevement des aciers,1,T00005,P.E.R. Acier
Acier.tr,Essai de traction sur armature de différents diamètres,D00262,Prélevement des aciers,1,T00005,P.E.R. Acier
Acier,Essais sur aciers ,D00263,Contrôle de la Nuance des aciers ,2,TD00263,Nuance Acier 
Acier.tr,Essai de traction sur armature de différents diamètres,D00263,Contrôle de la Nuance des aciers ,2,TD00263,Nuance Acier 
Acier,Essais sur aciers ,D00264,Détermination de la masse linéique des aciers,4,TD00264,Masse linéique Acier
Acier,Essais sur aciers ,D00265,Essai de pliage des aciers,3,TD00265,Pliage Acier
Acier.plig,Essai de pliages des armatures de différents diamètres,D00265,Essai de pliage des aciers,3,TD00265,Pliage Acier
Acier,Essais sur aciers ,D00266,Essais de traction par diamètre,5,TD00266,TR Acier
Acier,Essais sur aciers ,D00267,Rapport d'essai aciers,6,TD00267,Rapport d'essai Acier
Acier.tr,Essai de traction sur armature de différents diamètres,D00267,Rapport d'essai aciers,6,TD00267,Rapport d'essai Acier
E.fil gabion,Essais sur fil de gabion,D00268,Prélevement de fil de gabion,1,TD00268-1,P.E.R. Fil de gabion
E.fil gabion,Essais sur fil de gabion,D00269,Essai de pliage dépliage sur fil de gabion,2,TD00269,Pliage dépliage sur fil de gabion
E.fil gabion,Essais sur fil de gabion,D00270,Essai de traction sur fil de gabion,3,TD00270,Traction sur fil de gabion
Dall.charg,Essais de chargement d'une dalle,D00271,Essai de chargement d'une dalle ( cycle de chargement /déchargement pendant 48 heures selon le mode LPC),3,TD00271,Chargement de dalle 
E.fil gabion,Essais sur fil de gabion,D00272,Rapport d'essai sur fil de gabion,5,TD00272,Rapport d'essai sur fil de gabion
Sign2. retro,Essai sur le revêtement retro réfléchissant de la signalisation verticale,D00273,Prélevement signalisation verticale,1,TD00273-1,P.E.R. Signalisation verticale
Sign2. retro,Essai sur le revêtement retro réfléchissant de la signalisation verticale,D00274,Essai sur le revêtement retro réfléchissant de la signalisation verticale,2,TD00274,Essai sur le revêtement retro réfléchissant de la signalisation verticale
Sign2. retro,Essai sur le revêtement retro réfléchissant de la signalisation verticale,D00275,Rapport d'essai sur le revêtement signalisation verticale,3,TD00275,Rapport d'essai sur le revêtement signalisation verticale
PVC,Essais sur conduites en PVC  ,D00276,Prélevement de PVC,1,TD00276-1,P.E.R. PVC
PVC,Essais sur conduites en PVC  ,D00277,Essai sur les conduites PVC  ,2,TD00277,Essai sur les conduite PVC  
PVC,Essais sur conduites en PVC  ,D00278,Rapport d'essai PVC,3,TD00278,Rapport d'essai PVC
Mort,Essais sur mortier ,D00279,Prélevement de mortier,1,TD00279-1,P.E.R. Mortier
Mort,Essais sur mortier ,D00279,Prélevement de mortier,1,TD00279-2,Saisi PV Mort_Coul
Mort,Essais sur mortier ,D00280,Essai de résistance à la compression de mortier,3,TD00280-1,RC  Mort 7j
Mort,Essais sur mortier ,D00280,Essai de résistance à la compression de mortier,3,TD00280-2,RC  Mort 28j
Mort,Essais sur mortier ,D00281,Mesure de la masse volumique apparente sèche du mortier durci ,5,TD00281-2,MV apparente sèche Mortier 28j
Mort,Essais sur mortier ,D00281,Mesure de la masse volumique apparente sèche du mortier durci ,5,TD00281-1,MV apparente sèche Mortier 7j
Rev,Essais sur revetement de sol,D00283,Prélevement revetement de sol,1,TD00283-1,P.E.R. Revetement sol
Rev,Essais sur revetement de sol,D00284,Porosité du revetement sol,2,TD00284,Porosité Rev sol
ECND,Expertise non déstructive du méttal,D00285,Intervention d'un opérateur qualifié,2,TD00285,Intervention d'un opérateur qualifié
ECNDA,Expertise non déstructive des assemblages soudés,D00285,Intervention d'un opérateur qualifié,2,TD00285,Intervention d'un opérateur qualifié
Rev,Essais sur revetement de sol,D00286,Essai de résistance à la flexion,4,TD00286,Flexion Rev sol
Rev,Essais sur revetement de sol,D00287,Rapport d'essai revetement de sol,5,TD00287,Rapport d'essai revetement de sol
Cmt.rc,Essais mécaniques sur ciment,D00288,Prélevement de Ciment,1,TD00288-1,P.E.R. Ciment
Cmt.chimic,Essais chimiques sur ciment,D00288,Prélevement de Ciment,1,TD00288-1,P.E.R. Ciment
Cmt.chimic,Essais chimiques sur ciment,D00289,Essais chimiques sur ciment,2,TD00289,Essais chimiques sur ciment
Cmt.chimic,Essais chimiques sur ciment,D00290,Rapport d'essai chimie Ciment,3,TD00290,Rapport d'essais chimiques Ciment
Bois/Allu-7,Essais et suivi des travaux des structures en bois,D00291,Prélevement et suivi des travaux ,1,TD00291-1,P.E.R. et suivi des travaux
Bois/Allu-7,Essais et suivi des travaux des structures en bois,D00292,Essais et suivi des travaux des structures en bois,2,TD00292,Essai sur structures en bois 
Bois/Allu-7,Essais et suivi des travaux des structures en bois,D00293,Rapport d'essais et suivi des travaux des structures en bois,3,TD00293,Rapport d'essais et suivi des travaux des structures en bois
Cmt.rc,Essais mécaniques sur ciment,D00294,Essais mécaniques sur ciment,2,TD00294-2,Essais mécaniques sur ciment 28j
Cmt.rc,Essais mécaniques sur ciment,D00294,Essais mécaniques sur ciment,2,TD00294-1,Essais mécaniques sur ciment 7j
Cmt.rc,Essais mécaniques sur ciment,D00295,Rapport d'essai RC ciment,3,TD00295-1,Rapport d'essai RC Cim 7j
Cmt.rc,Essais mécaniques sur ciment,D00295,Rapport d'essai RC ciment,3,TD00295-2,Rapport d'essai RC Cim 28j
Ea.Bct,Essais bacteriologiques de l'eau,D00296,Prélevement d'un échantillon d'eau,1,TD00296-1,P.E.R. Eau
Ea.N,Agrésivité des eaux souterraines,D00296,Prélevement d'un échantillon d'eau,1,TD00296-1,P.E.R. Eau
Ea.PC,Parametres physico-chimiques de l'eau,D00296,Prélevement d'un échantillon d'eau,1,TD00296-1,P.E.R. Eau
Ea.org,Parametres organoleptiques de l'eau,D00296,Prélevement d'un échantillon d'eau,1,TD00296-1,P.E.R. Eau
Ea.Bct,Essais bacteriologiques de l'eau,D00297,Dénombrement de micro-organismes revifiable à 22°C,2,TD00297,Germes revivifiables à 22°C
Ea.Bct,Essais bacteriologiques de l'eau,D00298,Dénombrement de micro-organismes revifiable à 36°C,3,TD00298,Germes revivifiables à 36°C
Ea.Bct,Essais bacteriologiques de l'eau,D00299,Clostridium sulfito-réducteur,4,TD00299,Clostridium sulfito-réducteur
Ea.Bct,Essais bacteriologiques de l'eau,D00300,Dénombrement de coliformes totaux,5,TD00300,Coliformes
Ea.Bct,Essais bacteriologiques de l'eau,D00301,Dénombrement d'Escherichia coli,6,TD00301,Escherichia coli (E.coli)
Ea.Bct,Essais bacteriologiques de l'eau,D00302,Dénombrement des entérocoques intertinaux,7,TD00302,Entérocoques intestinaux 
Ea.Bct,Essais bacteriologiques de l'eau,D00303,Rapport d'essai bacterio,8,TD00303,Rapport d'essai bacterio Eau
Etc-4,Essai d'adhérence sur étanchéité,D00304,Essai de mesure de résistance à l’arrachement de l’étanchéité,2,TD00304,Arrachement étanchéité
Elec-cable,Essais de conformité à la norme sur conducteurs et câbles électriques.,D00306,Prélevement des conducteurs et cables d'électricité,1,TD00306-1,P.E.R. Cables conducteurs d'électricité
Elec-cable,Essais de conformité à la norme sur conducteurs et câbles électriques.,D00307,Essai sur conducteurs et cables électriques,2,TD00307,Essai sur câble conducteurs d'électricité
Elec-cable,Essais de conformité à la norme sur conducteurs et câbles électriques.,D00308,Rapport  des conducteurs et cables electriques,3,TD00308,Rapport conformité conducteur et cable electrique
Flde-Rcd,Essais de conformité à la norme sur raccords,D00309,Prélevement des raccords,1,TD00309-1,P.E.R. Raccords
Flde-Rcd,Essais de conformité à la norme sur raccords,D00310,Essais de conformité à la norme sur raccords,2,TD00310,Essais de conformité à la norme sur raccords
Flde-Rcd,Essais de conformité à la norme sur raccords,D00311,Rapport d'essai raccord,3,TD00311,Rapport d'essai raccords
Flde-Rb,Essais de conformité à la norme sur robinetterie,D00312,Prélevement de robinetterie,1,TD00312-1,P.E.R. Robinetterie
Flde-Rb,Essais de conformité à la norme sur robinetterie,D00313,Essais de conformité à la norme sur robinetterie,2,TD00313,Essais de conformité à la norme sur robinetterie
Flde-Rb,Essais de conformité à la norme sur robinetterie,D00314,Rapport d'essai robinetterie,3,TD00314,Rapport d'essai robinetterie
Flde-Ty,Essais de conformité à la norme sur tuyauteries,D00315,Prélevement de toyauxterie,1,TD00315-1,P.E.R. Tuyauteries
Flde-Ty,Essais de conformité à la norme sur tuyauteries,D00316,Essais de conformité à la norme sur tuyauteries,2,TD00316,Essais de conformité à la norme sur tuyauteries
Flde-Ty,Essais de conformité à la norme sur tuyauteries,D00317,Rapport d'essai tuyaux ,3,TD00317,Rapport d'essai tuyaux 
Flde-Vn,Essais de conformité à la norme sur vannes ,D00318,Prélevement des vannes ,1,TD00318-1,P.E.R. Vannes 
Flde-Vn,Essais de conformité à la norme sur vannes ,D00319,Essais de conformité à la norme sur vannes ,2,TD00319,Essais de conformité à la norme sur vannes 
Flde-Vn,Essais de conformité à la norme sur vannes ,D00320,Rapport conformité vannes ,3,TD00320,Rapport conformité vannes 
Elec-Eqpmt,Essais de conformité aux normes des équipements électriques,D00321,Prélevement d'un échantillon des équipements électriques,1,TD00321-1,P.E.R. Equipements électriques
Elec-Eqpmt,Essais de conformité aux normes des équipements électriques,D00322,Essais de conformité aux normes des équipements électriques,2,TD00322,Essais de conformité aux normes des équipements électriques
Elec-Eqpmt,Essais de conformité aux normes des équipements électriques,D00323,Rapport conformité equip electrique ,3,TD00323,Rapport conformité equip electrique 
Sign1.micro,Essai de contrôle de la signalisation horizontale et verticale (Essai sur les microbilles),D00324,Prélevement des microbilles,1,TD00324-1,P.E.R. Microbilles de signalisation
Sign1.micro,Essai de contrôle de la signalisation horizontale et verticale (Essai sur les microbilles),D00325,Essai sur les microbilles de la signalisation horizontale et verticale,2,TD00325,Essai sur les microbilles de la signalisation horizontale et vertical
Sign1.micro,Essai de contrôle de la signalisation horizontale et verticale (Essai sur les microbilles),D00326,Rapport d'essai microbilles de signalisation,3,TD00326,Rapport d'essai sur microbilles de signalisation
Agg,Essais sur élements de maçonnerie en béton de granulats ,D00327,Essai d'absorption d'eau par capilarité sur des éléments de maconnerie en béton de granulats,4,TD00327,Abs Agglos
Pav,Essais sur pavés,D00328,Essai d'absorption d'eau par capilarité sur pavés,2,TD00328,Abs pavés
Acier.plig,Essai de pliages des armatures de différents diamètres,D00329,Rapport d'essai pliage,4,TD00329,Rapport d'essai pliage acier
Flde-pr,Essai de pression,D00330,Essais de pression,1,TD00330,Essais de pression
Agg,Essais sur élements de maçonnerie en béton de granulats ,D00332,Essai de résistance à la compression des éléments de maconnerie en béton de granulats,2,TD00332,RC Agglos
Briq,Essais sur élements de maçonnerie en terre cuite,D00333,Essai de résistance à la compression des éléments de maconnerie en terre cuite,2,TD00333,RC Brique
Sit,Essais in-situ^,D00334,Contrôle des températures sur chantier,1,TD00334,Température
Sit,Essais in-situ^,D00335,Mesure du dosage en liant du revêtement superficiel et des couches d’imprégnation,2,TD00335-2,Dosage en liant du revêtement superficiel et imprégnation
Sit,Essais in-situ^,D00336,Mesure du dosage en granulats du revêtement superficiel,3,TD00336-2,Dosage en granulats du revêtement superficielle
Sol.PC,Parametres physico-chimiques de sol contaminé,D00337,Rapport parametres phisico-chimiques du sol,16,TD00337,Rapport d'essais phisico-chimiques du sol
Sit,Essais in-situ^,D00338,Mesure du module de rigidité d'un matériau bitumineux,5,TD00338,Module de rigidité d'un matériau bitumineux
Sit,Essais in-situ^,D00339,Essais du point d'éclaire,6,T00043,Point d’éclair
Hourd,Essais sur hourdis,D00340,Essai de résistance à la compression des hourdis,2,TD00340,RC hourdis
Sit,Essais in-situ^,D00341,Essai de la hauteur au sable HSv,8,TD00341,Hauteur au sable HSv
Barrage.spéc,Essais spéciaux sur Barrage,D00343,Prélevement pour essais spéciaux,1,TD00343-1,P.E.R. Essais spéciaux sur Barrage
Barrage.spéc,Essais spéciaux sur Barrage,D00344,Essai au vérin,2,TD00344,Essai au vérin
Barrage.spéc,Essais spéciaux sur Barrage,D00345,Dispersivité par la méthode Pinhole test,3,TD00345,Dispersivité par la méthode Pinhole test
Barrage.spéc,Essais spéciaux sur Barrage,D00346,Dispersivité par la méthode double sédimentométrie,4,TD00346,Dispersivité par la méthode double sédimentométrie
RpOA,Elaboration du rapport d'étude°,D00689,Mode de réalisation de la couche d'assise des dallages ainsi que les hypothéses de calcul à prendre en compte pour le dimensionment,13,TD00689,Mode de réalisation de la couche d'assise des dallages ainsi que les hypothése de calcul a prendre en compte pour le dimensionment
RpB,Elaboration du rapport d'étude,D00689,Mode de réalisation de la couche d'assise des dallages ainsi que les hypothéses de calcul à prendre en compte pour le dimensionment,14,TD00689,Mode de réalisation de la couche d'assise des dallages ainsi que les hypothése de calcul a prendre en compte pour le dimensionment
Barrage.spéc,Essais spéciaux sur Barrage,D00347,Dispersivité par la méthode cation métallique,5,TD00347,Dispersivité par la méthode cation métallique
Barrage.spéc,Essais spéciaux sur Barrage,D00348,"Analyse minéralogique qualitative (diffraction aux rayons X)
",6,TD00348,"Analyse minéralogique qualitative (diffraction aux rayons X)
"
Barrage.spéc,Essais spéciaux sur Barrage,D00349,Analyse pétrographique sur lame mince,7,TD00349,Analyse pétrographique sur lame mince
Barrage.spéc,Essais spéciaux sur Barrage,D00350,Determination de la teneur en matières organiques,8,TD00350,Teneur MO sol.
Barrage.spéc,Essais spéciaux sur Barrage,D00351,Essai d'Abrasivité,9,TD00351,Abrasivité
Barrage.spéc,Essais spéciaux sur Barrage,D00352,Contrôle géométrique et dimensionnel des éléments de glissière et poids des glissières ,10,TD00352,Contrôle géométrique et dimensionnel des éléments de glissière et poids des glissières 
Barrage.spéc,Essais spéciaux sur Barrage,D00353,Contrôle du revêtement des glissières ,11,TD00353,Contrôle du revêtement des glissières 
Barrage.spéc,Essais spéciaux sur Barrage,D00354,Vérification de conformité et réception des appareils d’appuis.,12,TD00354,Vérification de conformité et réception des appareils d’appuis.
Barrage.spéc,Essais spéciaux sur Barrage,D00355,Perméabilité aux gaz,13,TD00355,Perméabilité aux gaz
Barrage.spéc,Essais spéciaux sur Barrage,D00356,Porosité accessible à l'eau,14,TD00356,Porosité accessible à l'eau
Barrage.spéc,Essais spéciaux sur Barrage,D00357,Rapport d'essais Speciaux,15,TD00357,Rapport d'essais Speciaux
Dg.site,Diagnostic sur site ,D00359,Auscultation magnétique des armatures par le test PACHOMETRE,8,TD00359-1,A Magnétique.
Bet.spéc,Essais spéciaux sur béton,D00361,PH du béton,6,TD00361,PH du béton
Bet.spéc,Essais spéciaux sur béton,D00362,Profondeur de pénétration de l'eau,7,TD00362,Profondeur de pénétration de l'eau
Bet.spéc,Essais spéciaux sur béton,D00363,Mesure de la masse volumique du béton durci,8,TD00363,MV du béton durci
Bord,Essais sur bordure,D00717,Mesure des caractéristique dimensionnelles ,3,TD00717,Dimensions Bordure
Bet.spéc,Essais spéciaux sur béton,D00365,Perméabilité à l’eau sur béton,10,TD00365,Perméabilité à l’eau sur béton
Bet.spéc,Essais spéciaux sur béton,D00366,"Vérification de la composition ,le dosage des constituants",11,TD00366,Vérification de la composition et dosage des constituants
Coul.Inj,Essais sur coulis d'injection,D00367,Contrôle des performances mécaniques à la traction,4,TD00367,Contrôle des performances mécaniques à la traction
Bet.spéc,Essais spéciaux sur béton,D00367,Contrôle des performances mécaniques à la traction,12,TD00367,Contrôle des performances mécaniques à la traction
Bet.spéc,Essais spéciaux sur béton,D00368,porosité sur béton,13,TD00368,porosité sur béton
Bet.spéc,Essais spéciaux sur béton,D00369,Essai de l’alcali-réaction des constituants de la formulation du béton ,14,TD00369,Alcali-réaction des constituants de la formulation du béton 
Bord,Essais sur bordure,D00371,Prélevement d'un échantillon de bordure,1,TD00371-2,Saisie PV Bord
Bord,Essais sur bordure,D00371,Prélevement d'un échantillon de bordure,1,TD00371-1,P.E.R. Bordure
Bord,Essais sur bordure,D00372,Essai de flexion sur bordures de trottoir,2,TD00372,Flexion Bordures 
Boul,Contrôle des boulons,D00373,Mesure des caractéristiques dimensionnelles ,5,TD00373,Dimensions boulon
Buse.L,Essais sur buses,D00375,Prélevement des buses,1,TD00375-1,P.E.R. Buse
Buse.L,Essais sur buses,D00376,Etablissement du rapport d'essai sur buse en trois exemplaires,4,TD00376,Rapport d'essai buse
Buse.U,Assistance à l'usine pour essais sur buse,D00376,Etablissement du rapport d'essai sur buse en trois exemplaires,4,TD00376,Rapport d'essai buse
Buse.U,Assistance à l'usine pour essais sur buse,D00377,Assitance à l'usine pour écrasement des buses,1,TD00377,Assistance à l'usine pour écrasement des buses
Pol.Site,Etude de pollution du site,D00379,Levé et échantillonage,5,TD00379-2,P.E.R. pour Analyse physico-chimique des sols et déchets
Pol.Site,Etude de pollution du site,D00379,Levé et échantillonage,5,TD00379-1,Lithologie et Photos pour Pollution du site
Carr,Essais sur carreaux,D00380,Essai de flexion sur careaux,2,TD00380,Flexion Car
Carr,Essais sur carreaux,D00381,Essai d'absorption d'eau par capilarité sur carreaux,3,TD00381,Abs Car
Carr,Essais sur carreaux,D00382,Rapport d'essai carreaux,4,TD00382,Rapport d'essai carreaux
Agg,Essais sur élements de maçonnerie en béton de granulats ,D00383,Prélevement des éléments de maconnerie en béton de granulats,1,TD00383-1,P.E.R. Agglos
Agg,Essais sur élements de maçonnerie en béton de granulats ,D00383,Prélevement des éléments de maconnerie en béton de granulats,1,TD00383-2,Saisi PV Agg
Briq,Essais sur élements de maçonnerie en terre cuite,D00385,Prélevement des éléments de maconnerie en terre cuite,1,TD00385-1,P.E.R. Briques
Briq,Essais sur élements de maçonnerie en terre cuite,D00385,Prélevement des éléments de maconnerie en terre cuite,1,TD00385-2,Saisi PV Briq
Briq,Essais sur élements de maçonnerie en terre cuite,D00386,Essai d'absorption d'eau par capilarité sur des éléments de maconnerie en terre cuite,4,TD00386,Abs Brique
Bois/Allu-6,Essais sur garde-corps ,D00388,Essai sur garde corps,2,TD00388,Essais sur garde-corps 
Gxtil,Essais sur géotextile,D00389,Prélevement de geotextille,1,TD00389-1,P.E.R. Geotextille
Gxtil,Essais sur géotextile,D00390,Essais sur géotextile,2,TD00390,Essais sur géotextile
Gxtil,Essais sur géotextile,D00391,Rapport d'essai géotextile,3,TD00391,Rapport d'essai géotextile
Hourd,Essais sur hourdis,D00392,Prélevement des hourdis,1,TD00392-2,Saisi PV Hourd
Hourd,Essais sur hourdis,D00392,Prélevement des hourdis,1,TD00392-1,P.E.R. Hourdis
Hourd,Essais sur hourdis,D00393,Essai de porosité,4,TD00393,Porosité hourdis
CAB,Etalonnage de la centrale à béton,D00395,Etablissement du rapport d'essai CAB en trois exemplaires,3,TD00395,Rapport d'étalonnage
RcG,Reconnaissance géotechnique,D00396,Prélevement et échantillonage intact et/ou remanié pour essais de reconnaissance,27,TD00396-1,P.E.R. pour Reconnaissance Géot
RcGV,Reconnaissance géotechnique^,D00396,Prélevement et échantillonage intact et/ou remanié pour essais de reconnaissance,31,TD00396-1,P.E.R. pour Reconnaissance Géot
E.carott-V,Essai de carottage^,D00397,Mesure de l'épaisseur des carottes prélevées VRD,4,TD00397,Epaisseur carottes VRD
Dg.site-V,Diagnostic sur site^,D00397,Mesure de l'épaisseur des carottes prélevées VRD,9,TD00397,Epaisseur carottes VRD
E.carott-V,Essai de carottage^,D00398,Essai de résistance à la compression simple sur carottes prélevées VRD,5,TD00398-1,Densité Carottes VRD
E.carott-V,Essai de carottage^,D00398,Essai de résistance à la compression simple sur carottes prélevées VRD,5,TD00398-2,RC Carottes VRD
Etc-2,Contrôle de l'étanchéité réalisée ,D00399,Etablissement du rapport d'essai Etanchéité réalisée en trois exemplaires,6,TD00399,Rapport d'essai Etanchéité réalisée
Pav,Essais sur pavés,D00400,Prélevement des pavés,1,TD00400-1,P.E.R. Pavé 
Pav,Essais sur pavés,D00400,Prélevement des pavés,1,TD00400-2,Saisie pv Pav
E.Perméa,Essai de perméabilité du sol,D00401,Réalisation de sondage à la pelle mécanique pour essai de perméabilité,4,TD00401,Sondage à la pelle mécanique pour essai de perméabilité
Pav,Essais sur pavés,D00402,Essai de résidtance par fendage sur pavés en béton,4,TD00402,TR/fdg pavés
Ptr.L,Essais sur Poutrelle,D00404,Prélevement des poutrelles,1,TD00404-1,P.E.R. Poutrelle 
Ptr.L,Essais sur Poutrelle,D00405,Rapport d'essai Poutrelle,4,TD00405,Rapport d'essai Poutrelle
Ptr.U,Assistance à l'usine pour essais sur Poutrelle,D00406,Assitance à l'usine pour écrasement des poutrelles,1,TD00406,Assistance à l'usine pour écrasement des poutrelles
CAB,Etalonnage de la centrale à béton,D00407,"Etalonnage des bascules des agrégats,du ciment et du conteur d'eau",2,TD00407,Etalonnage CAB
EF,Etude de formulation de béton ,D00408,Prélevement des agrégats pour vérificaion de formulation de béton,1,TD00408-1,P.E.R. pour FB
EF,Etude de formulation de béton ,D00409,Réalisation de la gachée expérimentale au laboratoire,2,TD00409-1,Saisie PV FB
EFS,Etude spéciale de formulation de béton,D00409,Réalisation de la gachée expérimentale au laboratoire,2,TD00409-1,Saisie PV FB
EF,Etude de formulation de béton ,D00409,Réalisation de la gachée expérimentale au laboratoire,2,TD00409,Gachée FB
EFS,Etude spéciale de formulation de béton,D00409,Réalisation de la gachée expérimentale au laboratoire,2,TD00409,Gachée FB
EFS,Etude spéciale de formulation de béton,D00410,Mesure de la masse volumique spécifique des granulats,5,TD00410,MV spécifique gr
EFS,Etude spéciale de formulation de béton,D00411,Mesures des masses volumiques apparentes,4,TD00411,MV en vrac
G.pr sup,Essai de propreté superficielle des granulats,D00412,Mesure de la propreté des granulats,2,TD00412,Propreté gr
IdAgV,Identification des agregats pour béton^,D00412,Mesure de la propreté des granulats,2,TD00412,Propreté gr
IdGrB,dentification gravette à béton (Vérification),D00412,Mesure de la propreté des granulats,2,TD00412,Propreté gr
IdAgB,Identification des agregats pour béton ,D00412,Mesure de la propreté des granulats,2,TD00412,Propreté gr
IdLPS,Identification lit de pose en sable,D00413,Essai d’équivalent de sable à 10% des fines,3,TD00413,ES à 10% 
IdAgV,Identification des agregats pour béton^,D00413,Essai d’équivalent de sable à 10% des fines,5,TD00413,ES à 10% 
IdSB,Identification sable pour béton,D00413,Essai d’équivalent de sable à 10% des fines,3,TD00413,ES à 10% 
IdTV-V,Identification TV^,D00413,Essai d’équivalent de sable à 10% des fines,5,TD00413,ES à 10% 
IdAgB,Identification des agregats pour béton ,D00413,Essai d’équivalent de sable à 10% des fines,5,TD00413,ES à 10% 
IdSBV,Identification sable pour béton VRD,D00413,Essai d’équivalent de sable à 10% des fines,3,TD00413,ES à 10% 
IdTV,Identification TV,D00413,Essai d’équivalent de sable à 10% des fines,5,TD00413,ES à 10% 
EFS,Etude spéciale de formulation de béton,D00417,Etablissement du rapport de formulation en trois exemplaires,12,TD00417,Rapport d'essai EF
EF,Etude de formulation de béton ,D00417,Etablissement du rapport de formulation en trois exemplaires,6,TD00417,Rapport d'essai EF
Enr,Essais sur enrochement,D00420,Essai Micro Deval,7,T00035,MDE
LabOA,Essais de laboratoire°,D00420,Essai Micro Deval,7,T00035,MDE
Deval,Essai MDE,D00420,Essai Micro Deval,7,T00035,MDE
IdTV-V,Identification TV^,D00420,Essai Micro Deval,7,T00035,MDE
IdTV,Identification TV,D00420,Essai Micro Deval,7,T00035,MDE
IdGrEb,Identification des agregats pour enrobé,D00420,Essai Micro Deval,7,T00035,MDE
LabV,Essais de laboratoire^,D00420,Essai Micro Deval,20,T00035,MDE
IdCF,Identification couche de forme  ,D00420,Essai Micro Deval,6,T00035,MDE
LabOA,Essais de laboratoire°,D00421,Essai de friabilité du sable,22,TD00421,Friabilité du sable
LabV,Essais de laboratoire^,D00421,Essai de friabilité du sable,21,TD00421,Friabilité du sable
IdGrEb,Identification des agregats pour enrobé,D00421,Essai de friabilité du sable,5,TD00421,Friabilité du sable
EF.EB,Etude de formulation pour enrobé,D00422,Rapport d'essai EF Enrobé,13,TD00422,Rapport d'essai EF Enrobé
EB.carott,Essai de carottage de l'enrobé bitumineux pour contrôle d'épaisseur de la couche,D00423,Mesure de l'epaisseur des enrobés bitumineux,2,TD00423,Epaisseur EB
F.Plf,Essais sur faux plafond,D00425,"Essai de contrôle des caractéristiques physiques des matériaux, résistance mécanique des suspentes et polochons et de leur scellement / poids du FP, essais de dépôt du chromate de zinc ( pour tout type de faux plafond)",1,TD00425-2,Rapport conformité Faux plafond
F.Plf,Essais sur faux plafond,D00425,"Essai de contrôle des caractéristiques physiques des matériaux, résistance mécanique des suspentes et polochons et de leur scellement / poids du FP, essais de dépôt du chromate de zinc ( pour tout type de faux plafond)",1,TD00425-1,Conformité Faux plafond
IdGrEb,Identification des agregats pour enrobé,D00426,Prélevement des agregats pour enrobé,1,TD00426-1,P.E.R. Agregats pour enrobé
IdGrEb,Identification des agregats pour enrobé,D00427,Rapport d'essai agregats enrobé,9,TD00427,Rapport d'essai agregats enrobé
IdAgB,Identification des agregats pour béton ,D00428,Prélevement des agregats pour béton,1,TD00428-1,P.E.R. Agregats béton
IdAgV,Identification des agregats pour béton^,D00428,Prélevement des agregats pour béton,1,TD00428-1,P.E.R. Agregats béton
IdAgV,Identification des agregats pour béton^,D00429,Rapport d'essai ID Agregats,9,TD00429,Rapport d'essai ID Agregats
IdAgB,Identification des agregats pour béton ,D00429,Rapport d'essai ID Agregats,9,TD00429,Rapport d'essai ID Agregats
IdAC,Identification couche Anti-contaminante ,D00430,Prélevement d'un échantillon de couche anti-contaminante ,1,TD00430-1,P.E.R. AC 
IdAC,Identification couche Anti-contaminante ,D00431,Rapport d'essai AC,4,TD00431,Rapport d'essai AC
MCR,Identification MCR  ,D00432,Prélevement de materiau couche de roulement,1,TD00432-1,P.E.R. Couche de roulement
MCR,Identification MCR  ,D00433,Essai de Teneur CaCo3,3,T00031,Teneur CaCo3
MS,Identification MS,D00433,Essai de Teneur CaCo3,3,T00031,Teneur CaCo3
IdCF,Identification couche de forme  ,D00434,Essai de Dégradabilité,7,TD00434,Dégradabilité
LabV,Essais de laboratoire^,D00434,Essai de Dégradabilité,22,TD00434,Dégradabilité
MCR,Identification MCR  ,D00434,Essai de Dégradabilité,6,TD00434,Dégradabilité
LabOA,Essais de laboratoire°,D00434,Essai de Dégradabilité,23,TD00434,Dégradabilité
IdCF,Identification couche de forme  ,D00435,Essai de fragmentabilité,8,TD00435,Fragmentabilité
LabOA,Essais de laboratoire°,D00435,Essai de fragmentabilité,24,TD00435,Fragmentabilité
LabV,Essais de laboratoire^,D00435,Essai de fragmentabilité,23,TD00435,Fragmentabilité
MCR,Identification MCR  ,D00435,Essai de fragmentabilité,7,TD00435,Fragmentabilité
MCR,Identification MCR  ,D00436,Rapport d'essai MCR,8,TD00436,Rapport d'essai MCR
MS,Identification MS,D00437,Prélevement de materiau MS ,1,TD00437-1,P.E.R. MS 
MS,Identification MS,D00438,Rapport d'essai MS,6,TD00438,Rapport d'essai MS
IdR,Identification remblai,D00439,Prélevement de matériau de remblai,1,TD00439-1,P.E.R. Remblai
IdR-V,Identification remblai^,D00439,Prélevement de matériau de remblai,1,TD00439-1,P.E.R. Remblai
IdR-V,Identification remblai^,D00440,Rapport d'essai ID Remblai,5,TD00440,Rapport d'essai ID Remblai
IdR,Identification remblai,D00440,Rapport d'essai ID Remblai,5,TD00440,Rapport d'essai ID Remblai
IdTV,Identification TV,D00441,Prélevement TV,1,TD00441-1,P.E.R. TV 
IdTV-V,Identification TV^,D00441,Prélevement TV,1,TD00441-1,P.E.R. TV 
IdTV,Identification TV,D00442,Rapport d'essai ID TV,9,TD00442,Rapport d'essai ID TV
IdTV-V,Identification TV^,D00442,Rapport d'essai ID TV,9,TD00442,Rapport d'essai ID TV
MH,Essais sur mélanges hydrocarbonés,D00443,Prélevement du mélange hydrocarboné,3,TD00443-1,P.E.R. Mélange hydrocarboné
EB.carott,Essai de carottage de l'enrobé bitumineux pour contrôle d'épaisseur de la couche,D00444,Mesure de la masse volumique apparente par pesée hydrostatique sur carottes d’enrobés,2,TD00444,MV/hydrostatique EB
Dg.site-V,Diagnostic sur site^,D00444,Mesure de la masse volumique apparente par pesée hydrostatique sur carottes d’enrobés,10,TD00444,MV/hydrostatique EB
EB.dst,Mesure de la densité de l'enrobé par carottage ,D00444,Mesure de la masse volumique apparente par pesée hydrostatique sur carottes d’enrobés,2,TD00444,MV/hydrostatique EB
MH,Essais sur mélanges hydrocarbonés,D00444,Mesure de la masse volumique apparente par pesée hydrostatique sur carottes d’enrobés,2,TD00444,MV/hydrostatique EB
LabOA,Essais de laboratoire°,D00445,Essai de Teneur CaCo3.,18,TD00445,Teneur CaCo3.
LabV,Essais de laboratoire^,D00445,Essai de Teneur CaCo3.,18,TD00445,Teneur CaCo3.
MH,Essais sur mélanges hydrocarbonés,D00446,Essai de compactabilité à la presse à cisaillement giratoire ,9,TD00446,Compacité à la presse giratoire
ExGV,Examen géotechnique^,D00448,Prélevement et échantillonage intact et/ou remanié pour essais d'examen°,3,TD00448-1,P.E.R. pour Examen Géot°
Impr.dsg,Essai de contrôle du dosage de la couche d’imprégnation ,D00449,Etablissement du rapport d'essai dosage imprégnation en trois exemplaires,3,TD00449,Rapport d'essai dosage imprégnation
Gr.prst,Mesure de la porosité des ganulats pour béton,D00451,Mesure de la porosité des ganulats pour béton,2,TD00451,Porosité des ganulats pour béton
Gr.prst,Mesure de la porosité des ganulats pour béton,D00452,Rapport d'essai porosité ganulats,3,TD00452,Rapport d'essai porosité ganulats
Peint.ep,Contrôle de l'épaisseur de la peinture  ,D00453,Mesure de l'épaisseur de la peinture  ,1,TD00453,Epaisseur de la peinture  
Peint.ep,Contrôle de l'épaisseur de la peinture  ,D00454,Rapport d'essai EP Peinture,2,TD00454,Rapport d'essai EP Peinture
MeubCuis,Meubles de cuisine ,D00455,"Contrôle de conformité des cuisines (caissons y/c traverses, 2 portes façades, les accessoires, le plan de travail…) avec les prescriptions du CPS et les plans de détails, ainsi qu’avec les prototypes et les échantillons réalisés selon les normes en vigueur et le DTU , et ce au fur et à mesure de l’avancement des travaux. Cette conformité est à la fois dimensionnelle et qualitative et porte sur la qualité de la fabrication et de la mise en œuvre (assemblages, fixation,…) (6 éléments / essai) ",1,TD00455-2,Rapport conformité meubles de cuisine
MeubCuis,Meubles de cuisine ,D00455,"Contrôle de conformité des cuisines (caissons y/c traverses, 2 portes façades, les accessoires, le plan de travail…) avec les prescriptions du CPS et les plans de détails, ainsi qu’avec les prototypes et les échantillons réalisés selon les normes en vigueur et le DTU , et ce au fur et à mesure de l’avancement des travaux. Cette conformité est à la fois dimensionnelle et qualitative et porte sur la qualité de la fabrication et de la mise en œuvre (assemblages, fixation,…) (6 éléments / essai) ",1,TD00455-1,Conformité meubles de cuisine
Gr.prst,Mesure de la porosité des ganulats pour béton,D00456,Prélevement de materiau pour mesure de la porosité,1,TD00456-1,P.E.R. Gr pour porosité
Impr.dsg,Essai de contrôle du dosage de la couche d’imprégnation ,D00457,Prélevement de materiau pour mesure de dosage de la couche d'imprégnation,1,TD00457-1,P.E.R. Gr pour dosage imprégnation
µ,Essai de la teneur en eau,D00458,Prélevement de materiau pour mesure de teneur en eau,1,TD00458-1,P.E.R. pour w%
Bét.rc,Essai de résistance à la compression simple sur éprouvette béton,D00459,Essai de résistance à la compression simple sur carottes prélevées sur béton,2,TD00459-1,Densité Carottes B
E.carottB,Essai de Carottage de béton,D00459,Essai de résistance à la compression simple sur carottes prélevées sur béton,5,TD00459-1,Densité Carottes B
Dg.site,Diagnostic sur site ,D00459,Essai de résistance à la compression simple sur carottes prélevées sur béton,13,TD00459-1,Densité Carottes B
Bét.rc,Essai de résistance à la compression simple sur éprouvette béton,D00459,Essai de résistance à la compression simple sur carottes prélevées sur béton,2,TD00459-3,Carrotte.
E.carottB,Essai de Carottage de béton,D00459,Essai de résistance à la compression simple sur carottes prélevées sur béton,5,TD00459-3,Carrotte.
Dg.site,Diagnostic sur site ,D00459,Essai de résistance à la compression simple sur carottes prélevées sur béton,13,TD00459-3,Carrotte.
Bét.rc,Essai de résistance à la compression simple sur éprouvette béton,D00459,Essai de résistance à la compression simple sur carottes prélevées sur béton,2,TD00459-2,Carrote..
E.carottB,Essai de Carottage de béton,D00459,Essai de résistance à la compression simple sur carottes prélevées sur béton,5,TD00459-2,Carrote..
Dg.site,Diagnostic sur site ,D00459,Essai de résistance à la compression simple sur carottes prélevées sur béton,13,TD00459-2,Carrote..
Bét.rc,Essai de résistance à la compression simple sur éprouvette béton,D00459,Essai de résistance à la compression simple sur carottes prélevées sur béton,2,TD00459,RC carottes B
E.carottB,Essai de Carottage de béton,D00459,Essai de résistance à la compression simple sur carottes prélevées sur béton,5,TD00459,RC carottes B
Dg.site,Diagnostic sur site ,D00459,Essai de résistance à la compression simple sur carottes prélevées sur béton,13,TD00459,RC carottes B
RésTher,Mesure de résistivité thermique,D00460,Prélevement et échantillonnage pour essais de resistivité thermique,4,TD00460-1,P.E.R. pour résistivité thermique
Ea.org,Parametres organoleptiques de l'eau,D00461,Odeur,3,TD00461,Odeur
Ea.org,Parametres organoleptiques de l'eau,D00462,Rapport d'essai organoleptiques,4,TD00462,Rapport d'essai organoleptiques Eau
Ea.N,Agrésivité des eaux souterraines,D00463,Mesure de PH de l'eau.,1,T00037,PH de l'eau.
Ea.PC,Parametres physico-chimiques de l'eau,D00463,Mesure de PH de l'eau.,2,T00037,PH de l'eau.
Sol.PC,Parametres physico-chimiques de sol contaminé,D00464,Mesure de la Conductivité électrique,6,TD00464,Conductivité électrique
Ea.PC,Parametres physico-chimiques de l'eau,D00464,Mesure de la Conductivité électrique,3,TD00464,Conductivité électrique
Ea.PC,Parametres physico-chimiques de l'eau,D00465,Oxygène dissous,4,TD00465,Oxygène dissous
Ea.PC,Parametres physico-chimiques de l'eau,D00466,Oxydabilité au KMnO4 (MO),5,TD00466,Oxydabilité au KMnO4 (MO)
Ea.PC,Parametres physico-chimiques de l'eau,D00467,Turbidité,6,TD00467,Turbidité
Ea.PC,Parametres physico-chimiques de l'eau,D00468,Dosage des chlorures Titrage au traces d'argent avec chromate comme indicateur(Méthode de Mohr),7,TD00468,Chlorures.
E.carottB,Essai de Carottage de béton,D00469,Mesure de l'épaisseur des carottes à béton prélevées,4,TD00469,Epaisseur carottes B
Dg.site,Diagnostic sur site ,D00469,Mesure de l'épaisseur des carottes à béton prélevées,12,TD00469,Epaisseur carottes B
Ea.PC,Parametres physico-chimiques de l'eau,D00470,Dosage des Nitrates Méthode spectométrique avec l'acide sulfoscalicylique,9,TD00470,Nitrates
Ea.PC,Parametres physico-chimiques de l'eau,D00471,Mesure du dosage des matières en suspension Méthode par filtration sur filtre en fibres de verre,10,TD00471,Matières en suspension - MES
Ea.PC,Parametres physico-chimiques de l'eau,D00472,DBO5,12,TD00472,DBO5
Ea.PC,Parametres physico-chimiques de l'eau,D00473,DCO,13,TD00473,DCO
Enr,Essais sur enrochement,D00474,Mesure du coefficient d’absorption ,6,TD00474,Abs Gr
Ea.PC,Parametres physico-chimiques de l'eau,D00475,Azote total,15,TD00475,Azote Kjeldahl
Sol.PC,Parametres physico-chimiques de sol contaminé,D00475,Azote total,11,TD00475,Azote Kjeldahl
Ea.PC,Parametres physico-chimiques de l'eau,D00476,Hydrocarbures,8,T00041,Hydrocarbures
Sol.PC,Parametres physico-chimiques de sol contaminé,D00476,Hydrocarbures,8,T00041,Hydrocarbures
Ea.PC,Parametres physico-chimiques de l'eau,D00477,Mercure,17,TD00477,Mercure
Sol.PC,Parametres physico-chimiques de sol contaminé,D00477,Mercure,13,TD00477,Mercure
Ea.PC,Parametres physico-chimiques de l'eau,D00478,Dosage d'orthophosate Méthode spéctrométrique au molybdate d'ammonium,18,TD00478,Phosphore total
Ea.PC,Parametres physico-chimiques de l'eau,D00479,Chlorophylle A,19,TD00479,Chlorophylle A
Ea.PC,Parametres physico-chimiques de l'eau,D00480,Rapport parametres phisico-chimiques de l'eau,20,TD00480,Rapport parametres phisico-chimiques de l'Eau
Sol.PC,Parametres physico-chimiques de sol contaminé,D00481,Prélevement d'un échantillon de sol pour des essais physico-chimiques,1,TD00481-1,P.E.R. Sol pour phy-chi
Sol.PC,Parametres physico-chimiques de sol contaminé,D00482,PH du sol,3,TD00482,PH du sol
Sol.PC,Parametres physico-chimiques de sol contaminé,D00483,Humidité sol,4,TD00483,Humidité sol
Sol.PC,Parametres physico-chimiques de sol contaminé,D00484,Perte au feu,5,TD00484,Perte au feu
Air.PC,Parametres physico-chimiques de l'air ambiant,D00485,Métaux dans l'air,7,TD00485,Métaux ds air
Sol.PC,Parametres physico-chimiques de sol contaminé,D00486,Huiles et graisses,9,TD00486,Huiles et graisses
Sol.PC,Parametres physico-chimiques de sol contaminé,D00487,Phosphate total,10,TD00487,Phosphate total
Sol.PC,Parametres physico-chimiques de sol contaminé,D00488,Métaux ,12,T00040,Métaux 
Sol.PC,Parametres physico-chimiques de sol contaminé,D00489,Cyanures,14,TD00489,Cyanures
Sol.PC,Parametres physico-chimiques de sol contaminé,D00490,Phénols,15,TD00490,Phénols
Air.PC,Parametres physico-chimiques de l'air ambiant,D00491,Mise en station pour collecte des mésures,1,TD00491,Mise en station pour collecte des mésures
Air.Mt,Parametres météorologiques de l'air ambiant,D00491,Mise en station pour collecte des mésures,1,TD00491,Mise en station pour collecte des mésures
Air.PC,Parametres physico-chimiques de l'air ambiant,D00492,Poussières PM 10,2,TD00492,Poussières PM 10
Air.PC,Parametres physico-chimiques de l'air ambiant,D00493,Mesure du monoxyde de carbone ,3,TD00493,Monoxyde de carbone 
Air.PC,Parametres physico-chimiques de l'air ambiant,D00494,Mesure du dioxyde de soufre,4,TD00494,Dioxyde de soufre
Air.PC,Parametres physico-chimiques de l'air ambiant,D00495,Mesure du dioxyde d'azote,5,TD00495,Dioxyde d'azote
Air.PC,Parametres physico-chimiques de l'air ambiant,D00496,Mesure de l’ozone,6,TD00496,Ozone
Air.PC,Parametres physico-chimiques de l'air ambiant,D00497,Mesure du benzène,8,TD00497,Benzène
Air.PC,Parametres physico-chimiques de l'air ambiant,D00498,Rapport parametres phisico-chimiques de l'Air,9,TD00498,Rapport parametres phisico-chimiques de l'Air
Air.Mt,Parametres météorologiques de l'air ambiant,D00499,Vitesse et direction du vent,2,TD00499,Vitesse et direction du vent
Air.Mt,Parametres météorologiques de l'air ambiant,D00500,Température de l'air,3,TD00500,Température de l'air
Air.Mt,Parametres météorologiques de l'air ambiant,D00501,Rapport des parametres météorologiques de l'Air,5,TD00501,Rapport des parametres météorologiques de l'Air
Rp def,Elaboration du rapport de synthèse définitif,D00502,Rapport de synthèse définitif,1,TD00502,Rapport de synthèse définitif
Rp mens,Elaboration du rapport de synthèse mensuel,D00503,Rapport de synthèse mensuel,1,TD00503,Rapport de synthèse mensuel
Soud1,Qualification des soudeurs et des modes opératoires de soudage,D00504,Qualification soudeur par diamètre de boulon et par classe de résistance par soudeur,1,TD00504,Qualification soudeur par diamètre de boulon et par classe de résistance par soudeur
Soud1,Qualification des soudeurs et des modes opératoires de soudage,D00505,Qualification du mode opératoire de soudage,2,TD00505,Qualification du mode opératoire de soudage
RFF.,Réceptiion des fonds de fouilles.,D00506,Réception des fonds de fouilles par un ingénieur spécialisé,1,TD00506,RFF.
RFF EG,Réceptiion des fonds de fouilles EG,D00506,Réception des fonds de fouilles par un ingénieur spécialisé,1,TD00506,RFF.
Tôle,Réception matiére tôles et profilés laminé,D00507,vérification de la conformité au CPS et identification des nuances des aciers des tôle et profilés  ,1,TD00507,Vérification de la conformité au CPS et identification des nuances des aciers des tôle et profilés  
Tôle,Réception matiére tôles et profilés laminé,D00508,Analyse chimique spectrale,2,TD00508,Analyse chimique spectrale
Tôle,Réception matiére tôles et profilés laminé,D00509,Essai de traction avec détermination de ReH; Rm et A% à la rupture;       ,3,TD00509,Traction avec détermination de ReH; Rm et A% à la rupture;       
Tôle,Réception matiére tôles et profilés laminé,D00510,Essai de résilience (ép > 12mm); par type de profilé et par dimension    ,4,TD00510,Résilience (ép > 12mm); par type de profilé et par dimension    
RFF,Réception des fonds de fouilles,D00511,Réception des fonds de fouilles sanctionnée par l’établissement d’un rapport de conformité des sols rencontrés avec les conclusions du rapport d’étude géotechnique,3,TD00511-1,PV RFF
RFF,Réception des fonds de fouilles,D00511,Réception des fonds de fouilles sanctionnée par l’établissement d’un rapport de conformité des sols rencontrés avec les conclusions du rapport d’étude géotechnique,3,TD00511,RFF
RFF EG,Réceptiion des fonds de fouilles EG,D00512,Rapport de reception des fonds de fouilles,2,TD00512,PV RFF.
RFF.,Réceptiion des fonds de fouilles.,D00512,Rapport de reception des fonds de fouilles,2,TD00512,PV RFF.
Elec.installation,Essais sur installation électrique,D00515,Résistance de l’isolement des départ électriques,1,TD00515,Résistance d’isolement des départ électriques
Elec.installation,Essais sur installation électrique,D00517,Essai de déclenchement des dispositifs différentiels,2,TD00517-1,Essai de déclenchement des dispositifs différentiels
Elec.installation,Essais sur installation électrique,D00518,Mesure de la prise de terre,5,TD00518,Résistance des prises de terre
RpOA,Elaboration du rapport d'étude°,D00690,Evaluation du degré d'agressivité des sols et les eaux souterraines (évaluation des risques),15,TD00690,Degré d'agressivité des sols et les eaux souterraines (évaluation des risques)
RpB,Elaboration du rapport d'étude,D00690,Evaluation du degré d'agressivité des sols et les eaux souterraines (évaluation des risques),6,TD00690,Degré d'agressivité des sols et les eaux souterraines (évaluation des risques)
T° EB,Mesure de la température du produit enrobés et des liants,D00520,Température du produit enrobés et des liants,1,TD00520,Température du produit enrobés et des liants
E.Cvn CB,Essai de convenance sur centrale à béton,D00522,Vérification du ferraillage existant à l'aide du ferroscan ,4,TD00522,Vérification du ferraillage au ferroscan 
ferri,Vérification du ferraillage existant à l'aide du ferroscan ,D00522,Vérification du ferraillage existant à l'aide du ferroscan ,1,TD00522,Vérification du ferraillage au ferroscan 
ferri,Vérification du ferraillage existant à l'aide du ferroscan ,D00523,Rapport d'essai verif ferraillage,2,TD00523,Rapport d'essai ferraillage au ferroscan
Elec.installation,Essais sur installation électrique,D00524,Mesure et vérification de la continuité des circuits de terre et des circuits équipotentiels,3,TD00524,Mesure et vérification de la continuité des circuits de terre et des circuits équipotentiels
Elec.installation,Essais sur installation électrique,D00525,Mesure d’intensité de courant par phase et vérification de l’équilibrage des phases ,4,TD00525,Mesure d’intensité de courant par phase et vérification de l’équilibrage des phases 
Etc-7,Essai d'étanchéité à l'eau in situ sur fenêtres menuiserie,D00526,Essai d'étanchéité à l'eau in situ sur fenêtres menuiserie,1,TD00526,Etanchéité à l'eau in situ sur fenêtres menuiserie
NGV,Note géotechnique^,D00527,Intervention d'ingénieur géotechnicien ,1,TD00527,Intervention d'ingénieur géotechnicien 
NG,Note géotechnique,D00527,Intervention d'ingénieur géotechnicien ,1,TD00527,Intervention d'ingénieur géotechnicien 
ExGV,Examen géotechnique^,D00527,Intervention d'ingénieur géotechnicien ,1,TD00527,Intervention d'ingénieur géotechnicien 
ExGB,Examen géotechnique,D00527,Intervention d'ingénieur géotechnicien ,1,TD00527,Intervention d'ingénieur géotechnicien 
Av Géot-V,Avis géotechnique^,D00527,Intervention d'ingénieur géotechnicien ,1,TD00527,Intervention d'ingénieur géotechnicien 
Av Géot,Avis géotechnique,D00527,Intervention d'ingénieur géotechnicien ,1,TD00527,Intervention d'ingénieur géotechnicien 
VD,Vacations et déplacements ,D00527,Intervention d'ingénieur géotechnicien ,1,TD00527,Intervention d'ingénieur géotechnicien 
An Géot ST,Analyse géotechnique de stabilité de talus,D00527,Intervention d'ingénieur géotechnicien ,1,TD00527,Intervention d'ingénieur géotechnicien 
RcGOA,Reconnaissance géotechnique°,D00527,Intervention d'ingénieur géotechnicien ,1,TD00527,Intervention d'ingénieur géotechnicien 
RcGV,Reconnaissance géotechnique^,D00527,Intervention d'ingénieur géotechnicien ,5,TD00527,Intervention d'ingénieur géotechnicien 
RcG,Reconnaissance géotechnique,D00527,Intervention d'ingénieur géotechnicien ,5,TD00527,Intervention d'ingénieur géotechnicien 
RcGOA,Reconnaissance géotechnique°,D00528,Levé précis des coupes lithologiques avec mention de toutes les observations utiles y/c reportage photographique ,3,TD00528,Lithologie et Photos
RcGV,Reconnaissance géotechnique^,D00528,Levé précis des coupes lithologiques avec mention de toutes les observations utiles y/c reportage photographique ,23,TD00528,Lithologie et Photos
RcG,Reconnaissance géotechnique,D00528,Levé précis des coupes lithologiques avec mention de toutes les observations utiles y/c reportage photographique ,23,TD00528,Lithologie et Photos
NGV,Note géotechnique^,D00528,Levé précis des coupes lithologiques avec mention de toutes les observations utiles y/c reportage photographique ,3,TD00528,Lithologie et Photos
NG,Note géotechnique,D00528,Levé précis des coupes lithologiques avec mention de toutes les observations utiles y/c reportage photographique ,3,TD00528,Lithologie et Photos
ExGV,Examen géotechnique^,D00528,Levé précis des coupes lithologiques avec mention de toutes les observations utiles y/c reportage photographique ,3,TD00528,Lithologie et Photos
ExGB,Examen géotechnique,D00528,Levé précis des coupes lithologiques avec mention de toutes les observations utiles y/c reportage photographique ,3,TD00528,Lithologie et Photos
Dg.site-V,Diagnostic sur site^,D00528,Levé précis des coupes lithologiques avec mention de toutes les observations utiles y/c reportage photographique ,3,TD00528,Lithologie et Photos
Dg.site,Diagnostic sur site ,D00528,Levé précis des coupes lithologiques avec mention de toutes les observations utiles y/c reportage photographique ,3,TD00528,Lithologie et Photos
Av Géot-V,Avis géotechnique^,D00528,Levé précis des coupes lithologiques avec mention de toutes les observations utiles y/c reportage photographique ,3,TD00528,Lithologie et Photos
Av Géot,Avis géotechnique,D00528,Levé précis des coupes lithologiques avec mention de toutes les observations utiles y/c reportage photographique ,3,TD00528,Lithologie et Photos
An Géot ST,Analyse géotechnique de stabilité de talus,D00528,Levé précis des coupes lithologiques avec mention de toutes les observations utiles y/c reportage photographique ,3,TD00528,Lithologie et Photos
Av Géot,Avis géotechnique,D00529,Etablissement du rapport de l'Avis Géotechnique en trois exemplaires,4,TD00529-1,Rapport de l'Avis Géot
Av Géot-V,Avis géotechnique^,D00529,Etablissement du rapport de l'Avis Géotechnique en trois exemplaires,3,TD00529-1,Rapport de l'Avis Géot
RésElec,Mesure de résistivité électrique,D00530,Prélevement et échantillonnage pour essais de résistivité electrique,4,TD00530-1,P.E.R. pour résistivité electrique
VD,Vacations et déplacements ,D00531,Intervention d'ingénieur Expert,4,TD00531,Intervention d'ingénieur Expert
Dg.site-V,Diagnostic sur site^,D00531,Intervention d'ingénieur Expert,4,TD00531,Intervention d'ingénieur Expert
Dg.site,Diagnostic sur site ,D00531,Intervention d'ingénieur Expert,15,TD00531,Intervention d'ingénieur Expert
An Géot ST,Analyse géotechnique de stabilité de talus,D00531,Intervention d'ingénieur Expert,4,TD00531,Intervention d'ingénieur Expert
An Géot ST,Analyse géotechnique de stabilité de talus,D00532,Prélevement et échantillonage intact et/ou remanié pour analyse géotechnique de stabilité,3,TD00532-1,P.E.R. pour Analyse Géot de stabilité de talus
An Géot ST,Analyse géotechnique de stabilité de talus,D00533,Essais de laboratoire*,4,T00027,Oedométre.
An Géot ST,Analyse géotechnique de stabilité de talus,D00533,Essais de laboratoire*,4,TD00533-9,MV apparentes
An Géot ST,Analyse géotechnique de stabilité de talus,D00533,Essais de laboratoire*,4,T00003,Porosité des roches 
An Géot ST,Analyse géotechnique de stabilité de talus,D00533,Essais de laboratoire*,4,T00018,w% sol.
An Géot ST,Analyse géotechnique de stabilité de talus,D00533,Essais de laboratoire*,4,T00026,Cisaillement.
An Géot ST,Analyse géotechnique de stabilité de talus,D00533,Essais de laboratoire*,4,T00025,RC roche
An Géot ST,Analyse géotechnique de stabilité de talus,D00533,Essais de laboratoire*,4,T00002,Densité des roches
An Géot ST,Analyse géotechnique de stabilité de talus,D00533,Essais de laboratoire*,4,T00024,IP 
An Géot ST,Analyse géotechnique de stabilité de talus,D00533,Essais de laboratoire*,4,T00023,AG Sol.
An Géot ST,Analyse géotechnique de stabilité de talus,D00533,Essais de laboratoire*,4,T00001,Sédimento
An Géot ST,Analyse géotechnique de stabilité de talus,D00534,Etablissement de l'analyse géotechnique de stablité de talus avec recommandation en 03 exemplaires,5,TD00534-1,Rapport de l'Analyse Géot de stablité de talus
Chape,Essais sur chape,D00536,Prélevement et échantillonnage pour essais sur chape,1,TD00536-1,P.E.R. pour essai sur Chape
Chape,Essais sur chape,D00537,Essai de résistance à la compression de la chape,3,TD00537,RC chape
Chape,Essais sur chape,D00538,Essai d'identification de sable,2,TD00538,Id. sable
Chape,Essais sur chape,D00539,Etablissement du rapport d'essai sur chape en trois exemplaires,4,TD00539,Rapport d'essai sur chape 
ECNDA,Expertise non déstructive des assemblages soudés,D00541,Contrôle non destructif de surface des assemblages soudés par ressuage (ISO 12706),9,TD00541,CNDA par ressuage (ISO 12706)
CNDA,Contrôle non déstructif des assemblages soudés,D00541,Contrôle non destructif de surface des assemblages soudés par ressuage (ISO 12706),9,TD00541,CNDA par ressuage (ISO 12706)
ECND,Expertise non déstructive du méttal,D00542,Etablissement du rapport Expertise SM en 03 exemplaires,11,TD00542-1,Rapport Expertise SM
ECNDA,Expertise non déstructive des assemblages soudés,D00542,Etablissement du rapport Expertise SM en 03 exemplaires,11,TD00542-1,Rapport Expertise SM
Dg.site,Diagnostic sur site ,D00543,Réalisation des sondages de reconnaissance pour déterminer le mode de fondation retenu et les dimensions des semelles existantes,2,TD00543,Sondages de reconnaissance Bat
Dg.site,Diagnostic sur site ,D00544,Relevé de l’état et les anomalies observées par le biais d'un fissurimètre,4,TD00544,Relevé de l’état et les anomalies observées par le biais d'un fissurimètre
Dg.site,Diagnostic sur site ,D00545,Essai de carbonatation par le test phénophtaleine,9,TD00545,Carbonatation 
Dg.site,Diagnostic sur site ,D00546,Mesure du degré de potentiel de la corossion par le biais d'un corrosivimètre,10,TD00546,Degré de potentiel de la corossion
Pol.Site,Etude de pollution du site,D00547,Etablissement du rapport et évalutaion du degrés de contamination des sites et solutions de refection en trois exemplaires,7,TD00547,Rapport d'étude de pollution du site
Bet.spéc,Essais spéciaux sur béton,D00548,Auscultation dynamique d’un échantillonnage du béton.,2,TD00548,A Dynamique.
Dg.site,Diagnostic sur site ,D00549,Diagnostic des structures par un contrôle radio (Géo-radar) des différents profils existants,14,TD00549,A GéoRadar des profiles métalliques
Dg.site,Diagnostic sur site ,D00550,Intervention de Technicien chargé de l'expertise,16,TD00550,Intervention de Technicien chargé de l'expertise
VD,Vacations et déplacements ,D00550,Intervention de Technicien chargé de l'expertise,2,TD00550,Intervention de Technicien chargé de l'expertise
Dg.site-V,Diagnostic sur site^,D00550,Intervention de Technicien chargé de l'expertise,5,TD00550,Intervention de Technicien chargé de l'expertise
Dg.site,Diagnostic sur site ,D00551,Avis sur l'étanchièté mise en place,17,TD00551,Avis sur l'étanchièté mis en place
Dg.site,Diagnostic sur site ,D00552,Diagnostic des structures métalliques existantes et contrôle radio des soudures des différents profils existants,18,TD00552,Contrôle radio des soudures des profils métalliques
Dg.site-V,Diagnostic sur site^,D00553,Inventaire sur les anomalies et les désordres,11,TD00553,Inventaire sur les anomalies et les désordres
Dg.site,Diagnostic sur site ,D00553,Inventaire sur les anomalies et les désordres,19,TD00553,Inventaire sur les anomalies et les désordres
Dg.site,Diagnostic sur site ,D00554,"Analyse des documents techniques,et interprétations",20,TD00554,Analyse des documents techniques du diagnostic sur site
Dg.site,Diagnostic sur site ,D00555,Etablissement de la synthése de diagnostic sur site en trois exemplaires,28,TD00555,synthèse de diagnostic sur site
Dg.site-V,Diagnostic sur site^,D00555,Etablissement de la synthése de diagnostic sur site en trois exemplaires,15,TD00555,synthèse de diagnostic sur site
Dg.site-V,Diagnostic sur site^,D00556,Réalisation des sondages de reconnaissance pour déterminer la structure de la chaussée existantes,2,TD00556,Sondages de reconnaissance VRD
LabOA,Essais de laboratoire°,D00728,Essai d'équivalent sable.,5,TD00413,ES à 10% 
LabV,Essais de laboratoire^,D00728,Essai d'équivalent sable.,17,TD00413,ES à 10% 
Dg.site-V,Diagnostic sur site^,D00558,Essai d'extraction du revêtement superficiel en bicouche,7,TD00558,Extraction du revêtement superficiel en bicouche
RcGOA,Reconnaissance géotechnique°,D00559,Mesure de la densité au gamma densitomètre ,23,TD00559,CC gamma
RcGV,Reconnaissance géotechnique^,D00559,Mesure de la densité au gamma densitomètre ,27,TD00559,CC gamma
Pol.Site,Etude de pollution du site,D00561,Analyse physico-chimique des sols et déchets ,6,TD00561-1,Humidité sol.
Pol.Site,Etude de pollution du site,D00561,Analyse physico-chimique des sols et déchets ,6,TD00561-2,Conductivité électrique..
Pol.Site,Etude de pollution du site,D00561,Analyse physico-chimique des sols et déchets ,6,TD00561-3,Test PH
Pol.Site,Etude de pollution du site,D00561,Analyse physico-chimique des sols et déchets ,6,TD00561-4,Huiles et graisses.
Pol.Site,Etude de pollution du site,D00561,Analyse physico-chimique des sols et déchets ,6,T00040,Métaux 
Pol.Site,Etude de pollution du site,D00561,Analyse physico-chimique des sols et déchets ,6,T00041,Hydrocarbures
Pol.Site,Etude de pollution du site,D00561,Analyse physico-chimique des sols et déchets ,6,T00019,Teneur MO
Pol.Site,Etude de pollution du site,D00561,Analyse physico-chimique des sols et déchets ,6,T00042,Sulfates 
ExGB,Examen géotechnique,D00562,Prélevement et échantillonage intact et/ou remanié pour essais d'examen,3,TD00562-1,P.E.R. pour Examen Géot
RcGOA,Reconnaissance géotechnique°,D00563,Essai DOWN HOLE,20,TD00563,Down Hole
RcGOA,Reconnaissance géotechnique°,D00564,Prélevement et échantillonage intact et/ou remanié pour essais de reconnaissance°,27,TD00564-1,P.E.R. pour Reconnaissance Géot°
RcGV,Reconnaissance géotechnique^,D00565,Installation par sondage carotté,2,TD00565,Installation par sondage carotté
RcG,Reconnaissance géotechnique,D00565,Installation par sondage carotté,2,TD00565,Installation par sondage carotté
RcGOA,Reconnaissance géotechnique°,D00565,Installation par sondage carotté,2,TD00565,Installation par sondage carotté
RcG,Reconnaissance géotechnique,D00566,Implantation et suivi des travaux de reconnaissance,3,TD00566,Implantation et Suivie de Reconnaissance Géot
RcGOA,Reconnaissance géotechnique°,D00566,Implantation et suivi des travaux de reconnaissance,3,TD00566,Implantation et Suivie de Reconnaissance Géot
RcGV,Reconnaissance géotechnique^,D00566,Implantation et suivi des travaux de reconnaissance,3,TD00566,Implantation et Suivie de Reconnaissance Géot
RcGéop,Reconnaissance géophysique,D00567,Intervention de Technicien de reconnaissance,10,TD00567,Intervention de Technicien de reconnaissance
VD,Vacations et déplacements ,D00567,Intervention de Technicien de reconnaissance,1,TD00567,Intervention de Technicien de reconnaissance
NGV,Note géotechnique^,D00567,Intervention de Technicien de reconnaissance,1,TD00567,Intervention de Technicien de reconnaissance
NG,Note géotechnique,D00567,Intervention de Technicien de reconnaissance,1,TD00567,Intervention de Technicien de reconnaissance
RcGOA,Reconnaissance géotechnique°,D00567,Intervention de Technicien de reconnaissance,4,TD00567,Intervention de Technicien de reconnaissance
RcGV,Reconnaissance géotechnique^,D00567,Intervention de Technicien de reconnaissance,4,TD00567,Intervention de Technicien de reconnaissance
RcG,Reconnaissance géotechnique,D00567,Intervention de Technicien de reconnaissance,4,TD00567,Intervention de Technicien de reconnaissance
RcG,Reconnaissance géotechnique,D00568,Réalisation des sondages carottés ,6,TD00568,Sondages Carottés
RcGOA,Reconnaissance géotechnique°,D00568,Réalisation des sondages carottés ,6,TD00568,Sondages Carottés
RcGV,Reconnaissance géotechnique^,D00568,Réalisation des sondages carottés ,6,TD00568,Sondages Carottés
RcGOA,Reconnaissance géotechnique°,D00569,Réalisation de sondages à la pelle mécanique ,7,TD00569,Sondages à la pelle mécanique 
RcGV,Reconnaissance géotechnique^,D00569,Réalisation de sondages à la pelle mécanique ,7,TD00569,Sondages à la pelle mécanique 
RcG,Reconnaissance géotechnique,D00569,Réalisation de sondages à la pelle mécanique ,7,TD00569,Sondages à la pelle mécanique 
RcGOA,Reconnaissance géotechnique°,D00570,Réalisation des sondages manuels de 1.5 à 2m de profondeur,8,TD00570,Sondages manuels de 1.5 à 2m de profondeur
RcG,Reconnaissance géotechnique,D00571,Réalisation des sondages à ciel ouvert jusqu'au bon sol,9,TD00571,Sondages à ciel ouvert jusqu'au bon sol
RcGOA,Reconnaissance géotechnique°,D00571,Réalisation des sondages à ciel ouvert jusqu'au bon sol,9,TD00571,Sondages à ciel ouvert jusqu'au bon sol
RcGV,Reconnaissance géotechnique^,D00571,Réalisation des sondages à ciel ouvert jusqu'au bon sol,9,TD00571,Sondages à ciel ouvert jusqu'au bon sol
RcG,Reconnaissance géotechnique,D00572,Réalisation des sondages pour la reconnaissance de l'emprise des voiries  (1 à 2m de profondeur),10,TD00572,Sondages manuels pour la reconnaissance de l'emprise des voiries  (1 à 2m de profondeur)
RcGOA,Reconnaissance géotechnique°,D00572,Réalisation des sondages pour la reconnaissance de l'emprise des voiries  (1 à 2m de profondeur),10,TD00572,Sondages manuels pour la reconnaissance de l'emprise des voiries  (1 à 2m de profondeur)
RcGV,Reconnaissance géotechnique^,D00572,Réalisation des sondages pour la reconnaissance de l'emprise des voiries  (1 à 2m de profondeur),10,TD00572,Sondages manuels pour la reconnaissance de l'emprise des voiries  (1 à 2m de profondeur)
RcGOA,Reconnaissance géotechnique°,D00573,Réalisation des sondages manuels en terrain ordinaire,11,TD00573,Sondages manuels en terrain ordinaire
RcGV,Reconnaissance géotechnique^,D00573,Réalisation des sondages manuels en terrain ordinaire,11,TD00573,Sondages manuels en terrain ordinaire
RcG,Reconnaissance géotechnique,D00573,Réalisation des sondages manuels en terrain ordinaire,11,TD00573,Sondages manuels en terrain ordinaire
RcGOA,Reconnaissance géotechnique°,D00574,Réalisation des sondages manuels en terrain ROCHEUX,12,TD00574,Sondages manuels en terrain ROCHEUX
RcGV,Reconnaissance géotechnique^,D00574,Réalisation des sondages manuels en terrain ROCHEUX,12,TD00574,Sondages manuels en terrain ROCHEUX
RcG,Reconnaissance géotechnique,D00574,Réalisation des sondages manuels en terrain ROCHEUX,12,TD00574,Sondages manuels en terrain ROCHEUX
RcG,Reconnaissance géotechnique,D00575,Réalisation des sondages destructifs (Pressiomètrique),13,TD00575,Sondages destructifs (Pressiomètrique)
RcGOA,Reconnaissance géotechnique°,D00575,Réalisation des sondages destructifs (Pressiomètrique),13,TD00575,Sondages destructifs (Pressiomètrique)
RcGV,Reconnaissance géotechnique^,D00575,Réalisation des sondages destructifs (Pressiomètrique),13,TD00575,Sondages destructifs (Pressiomètrique)
RcGOA,Reconnaissance géotechnique°,D00576,"Essais au pressiometre Ménard tous les 1,5 m",14,TD00576,"Pressiometre Ménard tous les 1,5 m"
RcGV,Reconnaissance géotechnique^,D00576,"Essais au pressiometre Ménard tous les 1,5 m",14,TD00576,"Pressiometre Ménard tous les 1,5 m"
RcG,Reconnaissance géotechnique,D00576,"Essais au pressiometre Ménard tous les 1,5 m",14,TD00576,"Pressiometre Ménard tous les 1,5 m"
RcG,Reconnaissance géotechnique,D00577,Equipement de forage avec piézométre au droit des sondages,15,TD00577,Equipement de forage avec piézométre au droit des sondages
RcGOA,Reconnaissance géotechnique°,D00577,Equipement de forage avec piézométre au droit des sondages,15,TD00577,Equipement de forage avec piézométre au droit des sondages
RcGV,Reconnaissance géotechnique^,D00577,Equipement de forage avec piézométre au droit des sondages,15,TD00577,Equipement de forage avec piézométre au droit des sondages
RcG,Reconnaissance géotechnique,D00578,Suivi des variations de la nappe par un pièzométre,16,TD00578,Suivi des variations de la nappe par un pièzométre
RcGOA,Reconnaissance géotechnique°,D00578,Suivi des variations de la nappe par un pièzométre,16,TD00578,Suivi des variations de la nappe par un pièzométre
RcGV,Reconnaissance géotechnique^,D00578,Suivi des variations de la nappe par un pièzométre,16,TD00578,Suivi des variations de la nappe par un pièzométre
RcG,Reconnaissance géotechnique,D00579,Essai SPT ,17,TD00579,SPT 
RcGOA,Reconnaissance géotechnique°,D00579,Essai SPT ,17,TD00579,SPT 
RcGV,Reconnaissance géotechnique^,D00579,Essai SPT ,17,TD00579,SPT 
RcGOA,Reconnaissance géotechnique°,D00580,Essai de pénétromètre statique,18,TD00580,Pénétromètre statique
RcGV,Reconnaissance géotechnique^,D00580,Essai de pénétromètre statique,18,TD00580,Pénétromètre statique
RcG,Reconnaissance géotechnique,D00580,Essai de pénétromètre statique,18,TD00580,Pénétromètre statique
RcGOA,Reconnaissance géotechnique°,D00581,Essai de pénétromètre dynamique,19,TD00581,Pénétromètre dynamique
RcGV,Reconnaissance géotechnique^,D00581,Essai de pénétromètre dynamique,19,TD00581,Pénétromètre dynamique
RcG,Reconnaissance géotechnique,D00581,Essai de pénétromètre dynamique,19,TD00581,Pénétromètre dynamique
RcGOA,Reconnaissance géotechnique°,D00582,Essais CPTU,20,TD00582,CPTU
RcGV,Reconnaissance géotechnique^,D00582,Essais CPTU,20,TD00582,CPTU
RcG,Reconnaissance géotechnique,D00582,Essais CPTU,20,TD00582,CPTU
RcG,Reconnaissance géotechnique,D00583,Installation des inclinomètres,21,TD00583,Installation des inclinomètres
RcGOA,Reconnaissance géotechnique°,D00583,Installation des inclinomètres,21,TD00583,Installation des inclinomètres
RcGV,Reconnaissance géotechnique^,D00583,Installation des inclinomètres,21,TD00583,Installation des inclinomètres
RcGOA,Reconnaissance géotechnique°,D00584,Suivi des inclinomètres,22,TD00584,Suivi des inclinomètres
RcGV,Reconnaissance géotechnique^,D00584,Suivi des inclinomètres,22,TD00584,Suivi des inclinomètres
RcG,Reconnaissance géotechnique,D00584,Suivi des inclinomètres,22,TD00584,Suivi des inclinomètres
RcG,Reconnaissance géotechnique,D00585,Prélevement et échantillonage intact et/ou remanié avec conditionnement et parafinage,28,TD00585-1,P.E.R. Paraffinés pour Reconnaissance Géot
RcGOA,Reconnaissance géotechnique°,D00585,Prélevement et échantillonage intact et/ou remanié avec conditionnement et parafinage,26,TD00585-1,P.E.R. Paraffinés pour Reconnaissance Géot
RcGV,Reconnaissance géotechnique^,D00585,Prélevement et échantillonage intact et/ou remanié avec conditionnement et parafinage,32,TD00585-1,P.E.R. Paraffinés pour Reconnaissance Géot
RcGOA,Reconnaissance géotechnique°,D00586,Arret ou blocage de l'atelier de sondage ,29,TD00586,Arret ou blocage de l'atelier de sondage 
RcGV,Reconnaissance géotechnique^,D00586,Arret ou blocage de l'atelier de sondage ,33,TD00586,Arret ou blocage de l'atelier de sondage 
RcG,Reconnaissance géotechnique,D00586,Arret ou blocage de l'atelier de sondage ,29,TD00586,Arret ou blocage de l'atelier de sondage 
RcG,Reconnaissance géotechnique,D00587,Remblaiement de fouilles des sondages,30,TD00587,Remblaiement de fouilles des sondages
RcGOA,Reconnaissance géotechnique°,D00587,Remblaiement de fouilles des sondages,30,TD00587,Remblaiement de fouilles des sondages
RcGV,Reconnaissance géotechnique^,D00587,Remblaiement de fouilles des sondages,34,TD00587,Remblaiement de fouilles des sondages
RcGOA,Reconnaissance géotechnique°,D00588,Remise en état des trous de sondages par un coulis,31,TD00588,Remise en état des trous de sondages par un coulis
RcGV,Reconnaissance géotechnique^,D00588,Remise en état des trous de sondages par un coulis,35,TD00588,Remise en état des trous de sondages par un coulis
RcG,Reconnaissance géotechnique,D00588,Remise en état des trous de sondages par un coulis,31,TD00588,Remise en état des trous de sondages par un coulis
RcG,Reconnaissance géotechnique,D00589,"Mission de cartographie géotechnique, relevé des coupes, échantillonnage et déplacement de géotechnicien",32,TD00589,"Mission de cartographie géotechnique, relevé des coupes, échantillonnage et déplacement de géotechnicien"
RcGOA,Reconnaissance géotechnique°,D00589,"Mission de cartographie géotechnique, relevé des coupes, échantillonnage et déplacement de géotechnicien",32,TD00589,"Mission de cartographie géotechnique, relevé des coupes, échantillonnage et déplacement de géotechnicien"
RcGV,Reconnaissance géotechnique^,D00589,"Mission de cartographie géotechnique, relevé des coupes, échantillonnage et déplacement de géotechnicien",36,TD00589,"Mission de cartographie géotechnique, relevé des coupes, échantillonnage et déplacement de géotechnicien"
RcGOA,Reconnaissance géotechnique°,D00590,"Enquête documentaire collectes des données géologique et géotechnique,visite du site et définition du programme d'investigation géotechnique",33,TD00590,"Enquête documentaire collectes des données géologique et géotechnique,visite du site et définition du programme d'investigation géotechnique"
RcGV,Reconnaissance géotechnique^,D00590,"Enquête documentaire collectes des données géologique et géotechnique,visite du site et définition du programme d'investigation géotechnique",37,TD00590,"Enquête documentaire collectes des données géologique et géotechnique,visite du site et définition du programme d'investigation géotechnique"
RcG,Reconnaissance géotechnique,D00590,"Enquête documentaire collectes des données géologique et géotechnique,visite du site et définition du programme d'investigation géotechnique",33,TD00590,"Enquête documentaire collectes des données géologique et géotechnique,visite du site et définition du programme d'investigation géotechnique"
ExGB,Examen géotechnique,D00592,Essais de laboratoire,4,T00027,Oedométre.
ExGB,Examen géotechnique,D00592,Essais de laboratoire,4,T00004,MV apparente sol.
ExGB,Examen géotechnique,D00592,Essais de laboratoire,4,T00001,Sédimento
ExGB,Examen géotechnique,D00592,Essais de laboratoire,4,T00023,AG Sol.
ExGB,Examen géotechnique,D00592,Essais de laboratoire,4,T00002,Densité des roches
ExGB,Examen géotechnique,D00592,Essais de laboratoire,4,T00025,RC roche
ExGB,Examen géotechnique,D00592,Essais de laboratoire,4,T00026,Cisaillement.
ExGB,Examen géotechnique,D00592,Essais de laboratoire,4,T00018,w% sol.
ExGB,Examen géotechnique,D00592,Essais de laboratoire,4,T00003,Porosité des roches 
ExGB,Examen géotechnique,D00592,Essais de laboratoire,4,T00024,IP 
RcGOA,Reconnaissance géotechnique°,D00593,Journnée d'un opérateur qualifié,26,TD00593,Journnée d'un opérateur qualifié
RcGV,Reconnaissance géotechnique^,D00593,Journnée d'un opérateur qualifié,29,TD00593,Journnée d'un opérateur qualifié
IdR,Identification remblai,D00594,Analyse granulométrique par tamisage.,2,T00023,AG Sol.
IdCF,Identification couche de forme  ,D00594,Analyse granulométrique par tamisage.,2,T00023,AG Sol.
MCR,Identification MCR  ,D00594,Analyse granulométrique par tamisage.,2,T00023,AG Sol.
IdAC,Identification couche Anti-contaminante ,D00594,Analyse granulométrique par tamisage.,2,T00023,AG Sol.
IdR-V,Identification remblai^,D00594,Analyse granulométrique par tamisage.,2,T00023,AG Sol.
Pol.Site,Etude de pollution du site,D00595,Collecte des données environnementales du site,2,TD00595,Collecte des données environnementales du site
ExGB,Examen géotechnique,D00596,Etablissement du rapport d'examen géotechnique y/c la détermination des paramétres géotechniques du site selon les exigences du RPS 2011 (rapport édité en trois exemplaires) ,5,TD00596-1,Rapport Examen Géot
ExGV,Examen géotechnique^,D00596,Etablissement du rapport d'examen géotechnique y/c la détermination des paramétres géotechniques du site selon les exigences du RPS 2011 (rapport édité en trois exemplaires) ,5,TD00596-1,Rapport Examen Géot
RpExpB,Elaboration du rapport d'éxpertise ,D00597,Analyse technique des offres et participation à l'adjudication de l'entreprise,13,TD00597,Analyse technique des offres et participation à l'adjudication de l'entreprise
Dg.site-V,Diagnostic sur site^,D00598,Avis technique sur le viellissement et la durabilité des matériaux de la structure,12,TD00598,Avis technique sur le viellissement et la durabilité des matériaux de la structure
Dg.site,Diagnostic sur site ,D00598,Avis technique sur le viellissement et la durabilité des matériaux de la structure,21,TD00598,Avis technique sur le viellissement et la durabilité des matériaux de la structure
RpExpB,Elaboration du rapport d'éxpertise ,D00599,Validation des plans,10,TD00599,Validation des plans
Ptr.L,Essais sur Poutrelle,D00600,Essai de résistance à la traction par flexion sur poutrelle,2,TD00600,RT/flx Poutrelle
Dg.site,Diagnostic sur site ,D00601,Diagnostic technique du réseau plomberie,22,TD00601,Diagnostic technique du réseau plomberie
Dg.site,Diagnostic sur site ,D00602,Vérification du réseau d'assainissement,23,TD00602,Vérification du réseau d'assainissement
Dg.site,Diagnostic sur site ,D00603,Etablissement des plans de structure de l'existant et des éléments principaux en trois exemplaires,24,TD00603,Etablissement des plans de structure de l'existant et des éléments principaux
ExGV,Examen géotechnique^,D00604,Essais de laboratoire^,4,T00035,MDE
ExGV,Examen géotechnique^,D00604,Essais de laboratoire^,4,T00018,w% sol.
ExGV,Examen géotechnique^,D00604,Essais de laboratoire^,4,T00031,Teneur CaCo3
ExGV,Examen géotechnique^,D00604,Essais de laboratoire^,4,T00025,RC roche
ExGV,Examen géotechnique^,D00604,Essais de laboratoire^,4,T00004,MV apparente sol.
ExGV,Examen géotechnique^,D00604,Essais de laboratoire^,4,T00024,IP 
ExGV,Examen géotechnique^,D00604,Essais de laboratoire^,4,T00001,Sédimento
ExGV,Examen géotechnique^,D00604,Essais de laboratoire^,4,T00034,LA 
ExGV,Examen géotechnique^,D00604,Essais de laboratoire^,4,T00003,Porosité des roches 
ExGV,Examen géotechnique^,D00604,Essais de laboratoire^,4,TD00258,Proctor Normal ou Modifié
ExGV,Examen géotechnique^,D00604,Essais de laboratoire^,4,T00029,VBS
ExGV,Examen géotechnique^,D00604,Essais de laboratoire^,4,T00023,AG Sol.
ExGV,Examen géotechnique^,D00604,Essais de laboratoire^,4,T00033,CBR.A sup
ExGV,Examen géotechnique^,D00604,Essais de laboratoire^,4,T00002,Densité des roches
RpExpB,Elaboration du rapport d'éxpertise ,D00605,Préparation d'un dossier de consultation des entreprises DCE,14,TD00605,Préparation d'un dossier de consultation des entreprises DCE
Dg.site,Diagnostic sur site ,D00606,Suivi et le controle de la bonne execution des travaux de l'entreprise,27,TD00606,Suivi et le controle de la bonne execution des travaux de l'entreprise
LabB,Essais de laboratoire,D00607,Analyse granulometrique par sédimentométrie ,1,TD00607,Sédimento.
LabOA,Essais de laboratoire°,D00607,Analyse granulometrique par sédimentométrie ,4,TD00607,Sédimento.
LabV,Essais de laboratoire^,D00607,Analyse granulometrique par sédimentométrie ,1,TD00607,Sédimento.
LabOA,Essais de laboratoire°,D00608,Analyse blocomètrique,3,TD00608,Blocomètrie
LabV,Essais de laboratoire^,D00608,Analyse blocomètrique,3,TD00608,Blocomètrie
LabB,Essais de laboratoire,D00608,Analyse blocomètrique,3,TD00608,Blocomètrie
LabB,Essais de laboratoire,D00609,Mesure de la masse volumique spécifique,6,TD00609,MV spécifique sol
LabOA,Essais de laboratoire°,D00609,Mesure de la masse volumique spécifique,6,TD00609,MV spécifique sol
LabV,Essais de laboratoire^,D00609,Mesure de la masse volumique spécifique,6,TD00609,MV spécifique sol
LabB,Essais de laboratoire,D00610,Mesure de la masse volumique apparente,7,TD00610,MV apparente sol
LabOA,Essais de laboratoire°,D00610,Mesure de la masse volumique apparente,6,TD00610,MV apparente sol
LabV,Essais de laboratoire^,D00610,Mesure de la masse volumique apparente,7,TD00610,MV apparente sol
LabB,Essais de laboratoire,D00611,Essai de cisaillement rectiligne,8,TD00611,Cisaillement
LabOA,Essais de laboratoire°,D00611,Essai de cisaillement rectiligne,9,TD00611,Cisaillement
LabV,Essais de laboratoire^,D00611,Essai de cisaillement rectiligne,8,TD00611,Cisaillement
LabV,Essais de laboratoire^,D00612,Essai triaxial,9,TD00612,Triaxial
LabB,Essais de laboratoire,D00612,Essai triaxial,9,TD00612,Triaxial
LabOA,Essais de laboratoire°,D00612,Essai triaxial,9,TD00612,Triaxial
LabB,Essais de laboratoire,D00613,Essai de compressibilité oedomètrique,10,TD00613,Oedométre
LabOA,Essais de laboratoire°,D00613,Essai de compressibilité oedomètrique,10,TD00613,Oedométre
LabB,Essais de laboratoire,D00614,Analyse granulométrique par tamisage..,2,TD00614,AG Sol..
LabOA,Essais de laboratoire°,D00614,Analyse granulométrique par tamisage..,2,TD00614,AG Sol..
LabV,Essais de laboratoire^,D00614,Analyse granulométrique par tamisage..,2,TD00614,AG Sol..
LabB,Essais de laboratoire,D00615,Mesure de la masse volumique séche d'un élément de roche - Méthode par pesée hydrostatique,13,TD00615,MV/hydrostatique roche
LabOA,Essais de laboratoire°,D00615,Mesure de la masse volumique séche d'un élément de roche - Méthode par pesée hydrostatique,11,TD00615,MV/hydrostatique roche
LabV,Essais de laboratoire^,D00615,Mesure de la masse volumique séche d'un élément de roche - Méthode par pesée hydrostatique,13,TD00615,MV/hydrostatique roche
LabOA,Essais de laboratoire°,D00616,Mesure de porosité des roches ,15,TD00616,Porosité des roches.
LabV,Essais de laboratoire^,D00616,Mesure de porosité des roches ,14,TD00616,Porosité des roches.
LabB,Essais de laboratoire,D00616,Mesure de porosité des roches ,14,TD00616,Porosité des roches.
RésTher,Mesure de résistivité thermique,D00617,Essais chimiques pour résistivité thermique,5,T00036,Teneur des ions chlorures
RésTher,Mesure de résistivité thermique,D00617,Essais chimiques pour résistivité thermique,5,T00019,Teneur MO
RpExpB,Elaboration du rapport d'éxpertise ,D00618,Traitement des données recueillies sur site et dépouillement des résultats d'éssais,1,TD00618,Traitement des données recueillies sur site et dépouillement des résultats d'éssais
RpExpV,Elaboration du rapport d'éxpertise^,D00618,Traitement des données recueillies sur site et dépouillement des résultats d'éssais,9,TD00618,Traitement des données recueillies sur site et dépouillement des résultats d'éssais
RcGV,Reconnaissance géotechnique^,D00620,Essai au sciscomètre in-situ ,28,TD00620,Sciscomètre in-situ 
LabOA,Essais de laboratoire°,D00621,Essai de détermination de la perméabilité à charge constante ou variable,26,TD00621,Perméabilité à charge constante ou variable
LabV,Essais de laboratoire^,D00621,Essai de détermination de la perméabilité à charge constante ou variable,24,TD00621,Perméabilité à charge constante ou variable
RcG,Reconnaissance géotechnique,D00622,Essai type lefranc pour terrain meuble,25,TD00622,Lefranc pour terrain meuble
RcGOA,Reconnaissance géotechnique°,D00622,Essai type lefranc pour terrain meuble,27,TD00622,Lefranc pour terrain meuble
RcGV,Reconnaissance géotechnique^,D00622,Essai type lefranc pour terrain meuble,25,TD00622,Lefranc pour terrain meuble
LabOA,Essais de laboratoire°,D00623,Essais chimiques au laboratoire,30,TD00623,Essais chimiques au laboratoire
LabV,Essais de laboratoire^,D00623,Essais chimiques au laboratoire,26,TD00623,Essais chimiques au laboratoire
LabOA,Essais de laboratoire°,D00624,Essais d'identification physiques et mécaniques,32,TD00624,Id physiques et mécaniques
LabV,Essais de laboratoire^,D00624,Essais d'identification physiques et mécaniques,28,TD00624,Id physiques et mécaniques
RcGOA,Reconnaissance géotechnique°,D00625,"Mesure de courant, houle, marée et vent",33,TD00625,"Courant, houle, marée et vent"
RcGV,Reconnaissance géotechnique^,D00625,"Mesure de courant, houle, marée et vent",30,TD00625,"Courant, houle, marée et vent"
LabOA,Essais de laboratoire°,D00626,Mesure de Résistance entre points (Franklin),34,TD00626,Résistance entre points (Franklin)
LabV,Essais de laboratoire^,D00626,Mesure de Résistance entre points (Franklin),29,TD00626,Résistance entre points (Franklin)
LabOA,Essais de laboratoire°,D00627,Essai de traction (Brésilien),35,TD00627,Traction (Brésilien)
LabV,Essais de laboratoire^,D00627,Essai de traction (Brésilien),30,TD00627,Traction (Brésilien)
LabOA,Essais de laboratoire°,D00628,Essai de Teneur en matières organiques,36,TD00628,Teneur MO sol
LabV,Essais de laboratoire^,D00628,Essai de Teneur en matières organiques,31,TD00628,Teneur MO sol
RpOA,Elaboration du rapport d'étude°,D00629,Etablissement du rapport des essais avec commentaire en trois exemplaires,7,TD00629,Rapport des essais avec commentaire
Air.Mt,Parametres météorologiques de l'air ambiant,D00630,Humidité air,4,TD00630,Humidité air
LabOA,Essais de laboratoire°,D00631,Essai de forme,27,TD00631,Forme
RésElec,Mesure de résistivité électrique,D00632,Réalisation des sondages manuels,2,TD00632,Sondages manuels
RésTher,Mesure de résistivité thermique,D00632,Réalisation des sondages manuels,2,TD00632,Sondages manuels
RésTher,Mesure de résistivité thermique,D00633,Levé précis des coupes lithologiques à travers les sondages réalisés par vos soins,3,TD00633,"Lithologie, Photos et Prélevement/sondages par vos soins"
RésElec,Mesure de résistivité électrique,D00633,Levé précis des coupes lithologiques à travers les sondages réalisés par vos soins,3,TD00633,"Lithologie, Photos et Prélevement/sondages par vos soins"
RésElec,Mesure de résistivité électrique,D00634,Mesure de la résistivité électrique du sol par la methode de Shlumberger,4,TD00634-2,Conductivité électrique.
Pol.Site,Etude de pollution du site,D00634,Mesure de la résistivité électrique du sol par la methode de Shlumberger,4,TD00634-2,Conductivité électrique.
RcGéop,Reconnaissance géophysique,D00634,Mesure de la résistivité électrique du sol par la methode de Shlumberger,4,TD00634-2,Conductivité électrique.
Sol.PC,Parametres physico-chimiques de sol contaminé,D00634,Mesure de la résistivité électrique du sol par la methode de Shlumberger,4,TD00634-2,Conductivité électrique.
RésElec,Mesure de résistivité électrique,D00634,Mesure de la résistivité électrique du sol par la methode de Shlumberger,4,TD00634,Résistivité électrique
Pol.Site,Etude de pollution du site,D00634,Mesure de la résistivité électrique du sol par la methode de Shlumberger,4,TD00634,Résistivité électrique
RcGéop,Reconnaissance géophysique,D00634,Mesure de la résistivité électrique du sol par la methode de Shlumberger,4,TD00634,Résistivité électrique
Sol.PC,Parametres physico-chimiques de sol contaminé,D00634,Mesure de la résistivité électrique du sol par la methode de Shlumberger,4,TD00634,Résistivité électrique
RésElec,Mesure de résistivité électrique,D00635,Journée d'Ingénieur géophysicien au bureau,7,TD00635,Journée d'Ingénieur géophysicien au bureau
RésTher,Mesure de résistivité thermique,D00635,Journée d'Ingénieur géophysicien au bureau,7,TD00635,Journée d'Ingénieur géophysicien au bureau
RésElec,Mesure de résistivité électrique,D00636,Etablissement du rapport de résistivité electrique en trois exemplaires,9,TD00636,Rapport de Résistivité Electrique
RcGéop,Reconnaissance géophysique,D00637,Evaluation de la résistivité thermique du sol ,5,TD00637,Résistivité thermique du sol 
RésTher,Mesure de résistivité thermique,D00637,Evaluation de la résistivité thermique du sol ,5,TD00637,Résistivité thermique du sol 
RésTher,Mesure de résistivité thermique,D00638,Mesure de résistivité thermique par une sonde type thermotest ,8,TD00638,Résistivité thermique par sonde
RésTher,Mesure de résistivité thermique,D00639,Etablissement du rapport de résistivité thermique en trois exemplaires,9,TD00639,Rapport de Résistivité thermique
NGV,Note géotechnique^,D00640,Etablissement de la note géotechnique en trois exemplairs y/c la détermination des paramétres géotechniques du site selon les les exigences de RPS 2011 (rapport édité en trois exemplaires),4,TD00640-1,Rapport Note Géot
NG,Note géotechnique,D00640,Etablissement de la note géotechnique en trois exemplairs y/c la détermination des paramétres géotechniques du site selon les les exigences de RPS 2011 (rapport édité en trois exemplaires),4,TD00640-1,Rapport Note Géot
RcGéop,Reconnaissance géophysique,D00642,Reconnaissance géologique régionale et locale et élaboration d'une synthése géologique,1,TD00642,Reconnaissance géologique régionale et locale et élaboration d'une synthése géologique
RcGéop,Reconnaissance géophysique,D00643,Reconnaissance hydrogéologique régionale et locale et élaboration d'une synthése hydrogéologique y compris l'établissement d'une carte piezométrique:une carte des écoulements souterrains et des coupes hydrogéologiques,2,TD00643,Reconnaissance hydrogéologique régionale et locale et élaboration d'une synthése hydrogéologique y compris l'établissement d'une carte piezométrique:une carte des écoulements souterrains et des coupes hydrogéologiques
RcGéop,Reconnaissance géophysique,D00644,Reconnaissance Géophysique par tomographie electrique ,3,TD00644,Reconnaissance Géophysique par tomographie electrique 
RcGéop,Reconnaissance géophysique,D00645,Collecte des données géologiques et géophysiques du site,14,TD00645,Collècte des données géologique et geophysique du site
RcGéop,Reconnaissance géophysique,D00646,Essai sismique de réfraction et/ou tomographie ,6,TD00646,Essai sismique de réfraction et/ou tomographie 
RcGéop,Reconnaissance géophysique,D00647,Investigation géophysique par la micro gravimétrie sur l'ensemble de la parcelle  y/comris le calcul théorique des volumes des cavités.,8,TD00647,Investigation géophysique par la micro gravimétrie sur l'ensemble de la parcelle  y/comris le calcul théorique des volumes des cavités.
RcGéop,Reconnaissance géophysique,D00648,Investigation géophysique par profils tomographiques électriques sur l'ensemble de la parcelle  y/compris le calcul théorique des volumes des cavités,9,TD00648,Investigation géophysique par profils tomographiques électriques sur l'ensemble de la parcelle  y/compris le calcul théorique des volumes des cavités
RcGéop,Reconnaissance géophysique,D00649,Journée d'ingénieur géophysicien en mission,5,TD00649,Journée d'ingénieur géophysicien en mission
VD,Vacations et déplacements ,D00649,Journée d'ingénieur géophysicien en mission,5,TD00649,Journée d'ingénieur géophysicien en mission
RcGéop,Reconnaissance géophysique,D00650,Analyse physico-chimique de l'eau de puit,7,TD00650-9,Extrait Sec..
RcGéop,Reconnaissance géophysique,D00650,Analyse physico-chimique de l'eau de puit,7,T00038,Carbonates
RcGéop,Reconnaissance géophysique,D00650,Analyse physico-chimique de l'eau de puit,7,TD00650-3,Teneur des ions chlorures.
RcGéop,Reconnaissance géophysique,D00650,Analyse physico-chimique de l'eau de puit,7,T00039,Sulfates £
RcGéop,Reconnaissance géophysique,D00650,Analyse physico-chimique de l'eau de puit,7,T00037,PH de l'eau.
RcGéop,Reconnaissance géophysique,D00650,Analyse physico-chimique de l'eau de puit,7,TD00650-6,Magnésium.
RcGéop,Reconnaissance géophysique,D00650,Analyse physico-chimique de l'eau de puit,7,TD00650-1,P.E.R. Eau de puit
RcGéop,Reconnaissance géophysique,D00650,Analyse physico-chimique de l'eau de puit,7,TD00650-5,Matières en suspension.
RpGéop,Etablissement du rapport d'étude Géophysique,D00651,Analyse et interprétation des données,1,TD00651,Analyse et interprétation des données
RpGéop,Etablissement du rapport d'étude Géophysique,D00652,Aquisitions des données géoélectriques de type tomographie électriques combinés par des sondages de résistivités de type SEV,2,TD00652,Aquisitions des données géoélectriques de type tomographie électriques combinés par des sondages de résistivités de type SEV
RpGéop,Etablissement du rapport d'étude Géophysique,D00653,"Analyse des données hydrogéologique, géophysique et géologiques de la zone",3,TD00653,"Analyse des données hydrogéologique, géophysique et géologiques de la zone"
RpExpV,Elaboration du rapport d'éxpertise^,D00653,"Analyse des données hydrogéologique, géophysique et géologiques de la zone",1,TD00653,"Analyse des données hydrogéologique, géophysique et géologiques de la zone"
RpExpB,Elaboration du rapport d'éxpertise ,D00653,"Analyse des données hydrogéologique, géophysique et géologiques de la zone",11,TD00653,"Analyse des données hydrogéologique, géophysique et géologiques de la zone"
RpGéop,Etablissement du rapport d'étude Géophysique,D00654,Analyse géomorphologique et géologique,4,TD00654,Analyse géomorphologique et géologique
RpExpV,Elaboration du rapport d'éxpertise^,D00654,Analyse géomorphologique et géologique,2,TD00654,Analyse géomorphologique et géologique
RpExpB,Elaboration du rapport d'éxpertise ,D00654,Analyse géomorphologique et géologique,12,TD00654,Analyse géomorphologique et géologique
RpGéop,Etablissement du rapport d'étude Géophysique,D00655,Analyses et études des données disponibles,5,TD00655,Analyses et études des données disponibles
RpGéop,Etablissement du rapport d'étude Géophysique,D00656,Cartes de répartitions spatiale des vides souterraines,6,TD00656,Cartes de répartitions spatiale des vides souterraines
RpGéop,Etablissement du rapport d'étude Géophysique,D00657,Cartes de résistivités,7,TD00657,Cartes de résistivités
RpGéop,Etablissement du rapport d'étude Géophysique,D00658,Cartes des anomalies géophysiques,8,TD00658,Cartes des anomalies géophysiques
RpGéop,Etablissement du rapport d'étude Géophysique,D00659,Compilation de l'information,9,TD00659,Compilation de l'information
RpGéop,Etablissement du rapport d'étude Géophysique,D00660,Coupes Géoélectriques,10,TD00660,Coupes Géoélectriques
RpGéop,Etablissement du rapport d'étude Géophysique,D00661,Execution des profils logitudinales ,11,TD00661,Profils logitudinaux 
RpGéop,Etablissement du rapport d'étude Géophysique,D00662,Interprétation des données hydrogéologique et géophysique,12,TD00662,Interprétation des données hydrogéologique et géophysique
RpGéop,Etablissement du rapport d'étude Géophysique,D00663,Interprétation des images satellites et des photos,13,TD00663,Interprétation des images satellites et des photos
RpGéop,Etablissement du rapport d'étude Géophysique,D00664,Etablissement du rapport d'étude géophysique en 03 exemplaires,14,TD00664-1,Rapport d'étude géophysique
Dg.site-V,Diagnostic sur site^,D00665,Impact du réseau d'assainissement sur le projet,14,TD00665,Impact du réseau d'assainissement sur le projet
Dg.site,Diagnostic sur site ,D00665,Impact du réseau d'assainissement sur le projet,26,TD00665,Impact du réseau d'assainissement sur le projet
EFS,Etude spéciale de formulation de béton,D00666,Mesure de la masse volumique spécifique des sables,6,TD00666,MV spécifique Sable
RpB,Elaboration du rapport d'étude,D00667,Calcul des tassements prévisibles,3,TD00667,Calcul des tassements prévisibles
RpOA,Elaboration du rapport d'étude°,D00667,Calcul des tassements prévisibles,5,TD00667,Calcul des tassements prévisibles
RpExpV,Elaboration du rapport d'éxpertise^,D00668,Evaluation de la logique des mouvements,4,TD00668,Evaluation de la logique des mouvements
RpExpB,Elaboration du rapport d'éxpertise ,D00668,Evaluation de la logique des mouvements,4,TD00668,Evaluation de la logique des mouvements
RpExpB,Elaboration du rapport d'éxpertise ,D00669,Origine des désordres,5,TD00669,Origine des désordres
RpExpV,Elaboration du rapport d'éxpertise^,D00669,Origine des désordres,5,TD00669,Origine des désordres
RpB,Elaboration du rapport d'étude,D00670,Stabilité des fouilles et dispositions constructives,12,TD00670,Stabilité des fouilles et dispositions constructives
RpExpB,Elaboration du rapport d'éxpertise ,D00670,Stabilité des fouilles et dispositions constructives,6,TD00670,Stabilité des fouilles et dispositions constructives
RpExpV,Elaboration du rapport d'éxpertise^,D00670,Stabilité des fouilles et dispositions constructives,6,TD00670,Stabilité des fouilles et dispositions constructives
RpOA,Elaboration du rapport d'étude°,D00670,Stabilité des fouilles et dispositions constructives,14,TD00670,Stabilité des fouilles et dispositions constructives
RpB,Elaboration du rapport d'étude,D00671,Détermination des paramètres sismiques du site selon les exigences du RPS 2011 et évaluation du risque de liquéfaction des sols,7,TD00671,Paramètres sismiques du site selon les exigences du RPS 2011 et évaluation du risque de liquéfaction des sols
RpExpB,Elaboration du rapport d'éxpertise ,D00671,Détermination des paramètres sismiques du site selon les exigences du RPS 2011 et évaluation du risque de liquéfaction des sols,7,TD00671,Paramètres sismiques du site selon les exigences du RPS 2011 et évaluation du risque de liquéfaction des sols
RpOA,Elaboration du rapport d'étude°,D00671,Détermination des paramètres sismiques du site selon les exigences du RPS 2011 et évaluation du risque de liquéfaction des sols,8,TD00671,Paramètres sismiques du site selon les exigences du RPS 2011 et évaluation du risque de liquéfaction des sols
RpV,Elaboration du rapport d'étude^,D00671,Détermination des paramètres sismiques du site selon les exigences du RPS 2011 et évaluation du risque de liquéfaction des sols,7,TD00671,Paramètres sismiques du site selon les exigences du RPS 2011 et évaluation du risque de liquéfaction des sols
RpExpB,Elaboration du rapport d'éxpertise ,D00672,Analyse de l’impact du séisme sur la stabilité de la structure et définition ,8,TD00672,Analyse de l’impact du séisme sur la stabilité de la structure et définition 
RpExpV,Elaboration du rapport d'éxpertise^,D00673,Etablissement du rapport d’expertise et les recommandations qui s’imposent en trois exemplaires,10,TD00673-1,Rapport d’expertise et les recommandations qui s’imposent
RpExpB,Elaboration du rapport d'éxpertise ,D00673,Etablissement du rapport d’expertise et les recommandations qui s’imposent en trois exemplaires,9,TD00673-1,Rapport d’expertise et les recommandations qui s’imposent
RpExpB,Elaboration du rapport d'éxpertise ,D00674,Avis sur l’état de stabilité des structures existantes,2,TD00674,Avis sur l’état de stabilité des structures existantes
RpExpV,Elaboration du rapport d'éxpertise^,D00674,Avis sur l’état de stabilité des structures existantes,3,TD00674,Avis sur l’état de stabilité des structures existantes
RpExpV,Elaboration du rapport d'éxpertise^,D00675,Calcul et étude de dimensionnement géotechnique des voiries,7,TD00675,Calcul et étude de dimensionnement géotechnique des voiries
RpExpV,Elaboration du rapport d'éxpertise^,D00676,Classification géotechnique des matériaux de base,8,TD00676,Classification géotechnique des matériaux de base
RpExpV,Elaboration du rapport d'éxpertise^,D00677,Définition des disposition à prendre en matière de drainage ,11,TD00677,Définition des disposition à prendre en matière de drainage 
RpExpV,Elaboration du rapport d'éxpertise^,D00678,Détermination des caractéristiques et fiches des matériaux à utiliser dans le corps de la chaussée selon GMTR,12,TD00678,Caractéristiques et fiches des matériaux à utiliser dans le corps de la chaussée selon GMTR
RpV,Elaboration du rapport d'étude^,D00678,Détermination des caractéristiques et fiches des matériaux à utiliser dans le corps de la chaussée selon GMTR,6,TD00678,Caractéristiques et fiches des matériaux à utiliser dans le corps de la chaussée selon GMTR
RpExpV,Elaboration du rapport d'éxpertise^,D00679,Solutions de refection,13,TD00679,Solutions de refection
RpOA,Elaboration du rapport d'étude°,D00680,"Cette mission consiste en la définition des hypothèses géotechniques et les principes des ouvrages géotechniques (Terrassements, soutènements, fondations, assises de dallage,...)",1,TD00680,"Cette mission consiste en la définition des hypothèses géotechniques et les principes des ouvrages géotechniques (Terrassements, soutènements, fondations, assises de dallage,...)"
RpB,Elaboration du rapport d'étude,D00680,"Cette mission consiste en la définition des hypothèses géotechniques et les principes des ouvrages géotechniques (Terrassements, soutènements, fondations, assises de dallage,...)",15,TD00680,"Cette mission consiste en la définition des hypothèses géotechniques et les principes des ouvrages géotechniques (Terrassements, soutènements, fondations, assises de dallage,...)"
RpB,Elaboration du rapport d'étude,D00681,"Etablissement du rapport de la géologie locale et régionale et les contraintes spécifiques du site (Risque d'instabilité, présence de karst, phénomène de gonflement et d’effondrement…) en trois exemplaires",1,TD00681,"Rapport de la géologie locale et régionale et les contraintes spécifiques du site (Risque d'instabilité, présence de karst, phénomène de gonflement et d’effondrement…)"
RpOA,Elaboration du rapport d'étude°,D00681,"Etablissement du rapport de la géologie locale et régionale et les contraintes spécifiques du site (Risque d'instabilité, présence de karst, phénomène de gonflement et d’effondrement…) en trois exemplaires",2,TD00681,"Rapport de la géologie locale et régionale et les contraintes spécifiques du site (Risque d'instabilité, présence de karst, phénomène de gonflement et d’effondrement…)"
RpB,Elaboration du rapport d'étude,D00682,Mode de fondation adéquat.,4,TD00682,Mode de fondation adéquat et paramètres sismiques selon le RPS2011
RpOA,Elaboration du rapport d'étude°,D00682,Mode de fondation adéquat.,3,TD00682,Mode de fondation adéquat et paramètres sismiques selon le RPS2011
RpV,Elaboration du rapport d'étude^,D00682,Mode de fondation adéquat.,4,TD00682,Mode de fondation adéquat et paramètres sismiques selon le RPS2011
RpOA,Elaboration du rapport d'étude°,D00683,Mode de terrassement et mesures constructives vis à vis de la nappe,4,TD00683,Mode de terrassement
RpV,Elaboration du rapport d'étude^,D00683,Mode de terrassement et mesures constructives vis à vis de la nappe,12,TD00683,Mode de terrassement
RpB,Elaboration du rapport d'étude,D00683,Mode de terrassement et mesures constructives vis à vis de la nappe,8,TD00683,Mode de terrassement
RpOA,Elaboration du rapport d'étude°,D00684,Etude de choix des matériaux de remblai et condition de réutilisation des déblais selon GMTR,6,TD00684,Etude de choix des matériaux de remblai et condition de réutilisation des déblais selon GMTR
RpV,Elaboration du rapport d'étude^,D00684,Etude de choix des matériaux de remblai et condition de réutilisation des déblais selon GMTR,5,TD00684,Etude de choix des matériaux de remblai et condition de réutilisation des déblais selon GMTR
RpB,Elaboration du rapport d'étude,D00684,Etude de choix des matériaux de remblai et condition de réutilisation des déblais selon GMTR,9,TD00684,Etude de choix des matériaux de remblai et condition de réutilisation des déblais selon GMTR
RpOA,Elaboration du rapport d'étude°,D00685,Analyse de la stabilité des ouvrages de soutènement,9,TD00685,Analyse de la stabilité des ouvrages de soutènement
RpV,Elaboration du rapport d'étude^,D00685,Analyse de la stabilité des ouvrages de soutènement,13,TD00685,Analyse de la stabilité des ouvrages de soutènement
RpB,Elaboration du rapport d'étude,D00685,Analyse de la stabilité des ouvrages de soutènement,11,TD00685,Analyse de la stabilité des ouvrages de soutènement
RpB,Elaboration du rapport d'étude,D00686,Solutions de confortement et de renforcement des sols en cas de besoin,10,TD00686,Solutions de confortement et de renforcement des sols en cas de besoin
RpOA,Elaboration du rapport d'étude°,D00686,Solutions de confortement et de renforcement des sols en cas de besoin,10,TD00686,Solutions de confortement et de renforcement des sols en cas de besoin
RpV,Elaboration du rapport d'étude^,D00686,Solutions de confortement et de renforcement des sols en cas de besoin,14,TD00686,Solutions de confortement et de renforcement des sols en cas de besoin
RpV,Elaboration du rapport d'étude^,D00687,Niveau de la nappe et précautions de protection des ouvrages vis-à-vis de l’eau,10,TD00687,Niveau de la nappe et précautions de protection des ouvrages contre venues des eaux
RpB,Elaboration du rapport d'étude,D00687,Niveau de la nappe et précautions de protection des ouvrages vis-à-vis de l’eau,5,TD00687,Niveau de la nappe et précautions de protection des ouvrages contre venues des eaux
RpOA,Elaboration du rapport d'étude°,D00687,Niveau de la nappe et précautions de protection des ouvrages vis-à-vis de l’eau,11,TD00687,Niveau de la nappe et précautions de protection des ouvrages contre venues des eaux
RpOA,Elaboration du rapport d'étude°,D00688,Calcul de la portance du sol d’assise,12,TD00688,Calcul de la portance du sol d’assise
RpB,Elaboration du rapport d'étude,D00688,Calcul de la portance du sol d’assise,13,TD00688,Calcul de la portance du sol d’assise
AgGrBV,Agrément gravette à béton-V,D00758A,Prélevements des échantillons de gravettes à béton ,1,TD00758A-2,R.E.R. agrément des gravettes à béton 
AgGrB,Agrément gravette à béton ,D00758A,Prélevements des échantillons de gravettes à béton ,1,TD00758A-2,R.E.R. agrément des gravettes à béton 
AgGrBV,Agrément gravette à béton-V,D00758A,Prélevements des échantillons de gravettes à béton ,1,TD00758A-1,P.E.R. agrément des gravettes à béton 
AgGrB,Agrément gravette à béton ,D00758A,Prélevements des échantillons de gravettes à béton ,1,TD00758A-1,P.E.R. agrément des gravettes à béton 
AgGrBV,Agrément gravette à béton-V,D00759A,Rapport d'agrément des gravettes à béton ,7,TD00759A,Rapport d'agrément des gravettes à béton
AgGrB,Agrément gravette à béton ,D00759A,Rapport d'agrément des gravettes à béton ,7,TD00759A,Rapport d'agrément des gravettes à béton
EFS,Etude spéciale de formulation de béton,D00762,Prélevement des agrégats pour FB spéciale,1,TD00762-1,P.E.R. pour FB spéciale
IdMFB,Identification des matériaux pour l'étude de formulation de béton (vérification),D00768,"Essais sur adjuvant (Densité,PH,Extrait sec,Teneur en chlorure, Oxyde de sodium équivalent)",3,T00057,Oxyde de sodium équivalent Adj
EFS,Etude spéciale de formulation de béton,D00768,"Essais sur adjuvant (Densité,PH,Extrait sec,Teneur en chlorure, Oxyde de sodium équivalent)",8,T00057,Oxyde de sodium équivalent Adj
IdMFB,Identification des matériaux pour l'étude de formulation de béton (vérification),D00768,"Essais sur adjuvant (Densité,PH,Extrait sec,Teneur en chlorure, Oxyde de sodium équivalent)",3,T00054,PH Adj
EFS,Etude spéciale de formulation de béton,D00768,"Essais sur adjuvant (Densité,PH,Extrait sec,Teneur en chlorure, Oxyde de sodium équivalent)",8,T00054,PH Adj
IdMFB,Identification des matériaux pour l'étude de formulation de béton (vérification),D00768,"Essais sur adjuvant (Densité,PH,Extrait sec,Teneur en chlorure, Oxyde de sodium équivalent)",3,T00056,Teneur en chlorore Adj
EFS,Etude spéciale de formulation de béton,D00768,"Essais sur adjuvant (Densité,PH,Extrait sec,Teneur en chlorure, Oxyde de sodium équivalent)",8,T00056,Teneur en chlorore Adj
IdMFB,Identification des matériaux pour l'étude de formulation de béton (vérification),D00768,"Essais sur adjuvant (Densité,PH,Extrait sec,Teneur en chlorure, Oxyde de sodium équivalent)",3,T00055,Extrait sec Adj
EFS,Etude spéciale de formulation de béton,D00768,"Essais sur adjuvant (Densité,PH,Extrait sec,Teneur en chlorure, Oxyde de sodium équivalent)",8,T00055,Extrait sec Adj
IdMFB,Identification des matériaux pour l'étude de formulation de béton (vérification),D00768,"Essais sur adjuvant (Densité,PH,Extrait sec,Teneur en chlorure, Oxyde de sodium équivalent)",3,T00053,Densité Adj
EFS,Etude spéciale de formulation de béton,D00768,"Essais sur adjuvant (Densité,PH,Extrait sec,Teneur en chlorure, Oxyde de sodium équivalent)",8,T00053,Densité Adj
EFS,Etude spéciale de formulation de béton,D00765,"Essais sur ciment (Caractéristiques physiques, Analyses chimiques, Détermination des constituants)",9,T00058,Caractéristiques physiques Ciment
IdMFB,Identification des matériaux pour l'étude de formulation de béton (vérification),D00765,"Essais sur ciment (Caractéristiques physiques, Analyses chimiques, Détermination des constituants)",4,T00058,Caractéristiques physiques Ciment
EFS,Etude spéciale de formulation de béton,D00765,"Essais sur ciment (Caractéristiques physiques, Analyses chimiques, Détermination des constituants)",9,T00060,Détermination des constituants du Ciment
IdMFB,Identification des matériaux pour l'étude de formulation de béton (vérification),D00765,"Essais sur ciment (Caractéristiques physiques, Analyses chimiques, Détermination des constituants)",4,T00060,Détermination des constituants du Ciment
EFS,Etude spéciale de formulation de béton,D00765,"Essais sur ciment (Caractéristiques physiques, Analyses chimiques, Détermination des constituants)",9,TD00289,Essais chimiques sur ciment
IdMFB,Identification des matériaux pour l'étude de formulation de béton (vérification),D00765,"Essais sur ciment (Caractéristiques physiques, Analyses chimiques, Détermination des constituants)",4,TD00289,Essais chimiques sur ciment
EFS,Etude spéciale de formulation de béton,D00766,"Essais sur eau (huile graisse détergent,couleur, odeur, PH,matiére en suspension,chlorure, sulfate, amonium)",10,TD00007,"Odeur, Couleur, Détergents, "
IdMFB,Identification des matériaux pour l'étude de formulation de béton (vérification),D00766,"Essais sur eau (huile graisse détergent,couleur, odeur, PH,matiére en suspension,chlorure, sulfate, amonium)",5,TD00007,"Odeur, Couleur, Détergents, "
EFS,Etude spéciale de formulation de béton,D00766,"Essais sur eau (huile graisse détergent,couleur, odeur, PH,matiére en suspension,chlorure, sulfate, amonium)",10,T00061,huile graisse détergent
IdMFB,Identification des matériaux pour l'étude de formulation de béton (vérification),D00766,"Essais sur eau (huile graisse détergent,couleur, odeur, PH,matiére en suspension,chlorure, sulfate, amonium)",5,T00061,huile graisse détergent
EFS,Etude spéciale de formulation de béton,D00766,"Essais sur eau (huile graisse détergent,couleur, odeur, PH,matiére en suspension,chlorure, sulfate, amonium)",10,T00039,Sulfates £
IdMFB,Identification des matériaux pour l'étude de formulation de béton (vérification),D00766,"Essais sur eau (huile graisse détergent,couleur, odeur, PH,matiére en suspension,chlorure, sulfate, amonium)",5,T00039,Sulfates £
EFS,Etude spéciale de formulation de béton,D00766,"Essais sur eau (huile graisse détergent,couleur, odeur, PH,matiére en suspension,chlorure, sulfate, amonium)",10,TD00003,PH de l'eau
IdMFB,Identification des matériaux pour l'étude de formulation de béton (vérification),D00766,"Essais sur eau (huile graisse détergent,couleur, odeur, PH,matiére en suspension,chlorure, sulfate, amonium)",5,TD00003,PH de l'eau
EFS,Etude spéciale de formulation de béton,D00766,"Essais sur eau (huile graisse détergent,couleur, odeur, PH,matiére en suspension,chlorure, sulfate, amonium)",10,TD00005,Chlorures
IdMFB,Identification des matériaux pour l'étude de formulation de béton (vérification),D00766,"Essais sur eau (huile graisse détergent,couleur, odeur, PH,matiére en suspension,chlorure, sulfate, amonium)",5,TD00005,Chlorures
EFS,Etude spéciale de formulation de béton,D00766,"Essais sur eau (huile graisse détergent,couleur, odeur, PH,matiére en suspension,chlorure, sulfate, amonium)",10,TD00006,Matières en suspension
IdMFB,Identification des matériaux pour l'étude de formulation de béton (vérification),D00766,"Essais sur eau (huile graisse détergent,couleur, odeur, PH,matiére en suspension,chlorure, sulfate, amonium)",5,TD00006,Matières en suspension
EFS,Etude spéciale de formulation de béton,D00766,"Essais sur eau (huile graisse détergent,couleur, odeur, PH,matiére en suspension,chlorure, sulfate, amonium)",10,TD00012,Amonium
IdMFB,Identification des matériaux pour l'étude de formulation de béton (vérification),D00766,"Essais sur eau (huile graisse détergent,couleur, odeur, PH,matiére en suspension,chlorure, sulfate, amonium)",5,TD00012,Amonium
EFS,Etude spéciale de formulation de béton,D00767,"Essais de durabilité sur béton (Porosité à l'eau,Perméabilité à l'eau,Perméabilité à gaz,Migrabilité des ions chlorure,Carbonatation,Lixivation à PH constant,Gel,Absorption d'eau,Alcali-réaction)",11,T00076,Alcali-réaction
EFS,Etude spéciale de formulation de béton,D00767,"Essais de durabilité sur béton (Porosité à l'eau,Perméabilité à l'eau,Perméabilité à gaz,Migrabilité des ions chlorure,Carbonatation,Lixivation à PH constant,Gel,Absorption d'eau,Alcali-réaction)",11,T00068,Porosité à l'eau
EFS,Etude spéciale de formulation de béton,D00767,"Essais de durabilité sur béton (Porosité à l'eau,Perméabilité à l'eau,Perméabilité à gaz,Migrabilité des ions chlorure,Carbonatation,Lixivation à PH constant,Gel,Absorption d'eau,Alcali-réaction)",11,T00075,Absorption d'eau
EFS,Etude spéciale de formulation de béton,D00767,"Essais de durabilité sur béton (Porosité à l'eau,Perméabilité à l'eau,Perméabilité à gaz,Migrabilité des ions chlorure,Carbonatation,Lixivation à PH constant,Gel,Absorption d'eau,Alcali-réaction)",11,T00074,Gel
EFS,Etude spéciale de formulation de béton,D00767,"Essais de durabilité sur béton (Porosité à l'eau,Perméabilité à l'eau,Perméabilité à gaz,Migrabilité des ions chlorure,Carbonatation,Lixivation à PH constant,Gel,Absorption d'eau,Alcali-réaction)",11,T00073,Lixivation à PH constant
EFS,Etude spéciale de formulation de béton,D00767,"Essais de durabilité sur béton (Porosité à l'eau,Perméabilité à l'eau,Perméabilité à gaz,Migrabilité des ions chlorure,Carbonatation,Lixivation à PH constant,Gel,Absorption d'eau,Alcali-réaction)",11,T00072,Carbonatation
EFS,Etude spéciale de formulation de béton,D00767,"Essais de durabilité sur béton (Porosité à l'eau,Perméabilité à l'eau,Perméabilité à gaz,Migrabilité des ions chlorure,Carbonatation,Lixivation à PH constant,Gel,Absorption d'eau,Alcali-réaction)",11,T00071,Migrabilité des ions chlorure
EFS,Etude spéciale de formulation de béton,D00767,"Essais de durabilité sur béton (Porosité à l'eau,Perméabilité à l'eau,Perméabilité à gaz,Migrabilité des ions chlorure,Carbonatation,Lixivation à PH constant,Gel,Absorption d'eau,Alcali-réaction)",11,T00070,Perméabilité à gaz
EFS,Etude spéciale de formulation de béton,D00767,"Essais de durabilité sur béton (Porosité à l'eau,Perméabilité à l'eau,Perméabilité à gaz,Migrabilité des ions chlorure,Carbonatation,Lixivation à PH constant,Gel,Absorption d'eau,Alcali-réaction)",11,T00069,Perméabilité à l'eau
IdMFB,Identification des matériaux pour l'étude de formulation de béton (vérification),D01769,Prélevement des matériaux pour F.B.spéciale,1,TD00769-2,R.E.R. pour FB
IdMFB,Identification des matériaux pour l'étude de formulation de béton (vérification),D01769,Prélevement des matériaux pour F.B.spéciale,1,TD00769-1,P.E.R. matériaux pour F.B.spéciale
IdMFB,Identification des matériaux pour l'étude de formulation de béton (vérification),D01768,Etablissement du rapport d'identification des matériaux pour formulation en trois exemplaires,6,TD01768,Rapport d'essai ID matériaux à béton 
Ea.bio,Parametres microbiologiques de l'eau potable,D00776,Prélevement d'un échantillon d'eau (microbiologique),1,TD00776-1,P.E.R. Eau microbio
Ea.bio,Parametres microbiologiques de l'eau potable,D00776,Prélevement d'un échantillon d'eau (microbiologique),1,TD00776-2,R.E.R. Eau microbio
Ea.bio,Parametres microbiologiques de l'eau potable,D00773,Parametres microbiologiques de l'eau potable,2,TD00773,Parametres microbiologiques de l'eau potable
Ea.bio,Parametres microbiologiques de l'eau potable,D00778,Rapport d'essai microbiologiques,3,TD00778,Rapport d'essai microbiologiques Eau potable
Ea.N,Agrésivité des eaux souterraines,D01770,Dioxide de carbone,1,TD00770,Co2 agréssif eau
EB.carott,Essai de carottage de l'enrobé bitumineux pour contrôle d'épaisseur de la couche,D01749,Détermination de l'indice des vides des enrobés bitumineux,6,TD01749,Indice de vide EB
EB.carott,Essai de carottage de l'enrobé bitumineux pour contrôle d'épaisseur de la couche,D01750,Mesure de la compacité des enrobés bitumineux,7,TD01750,Compacité EB
OT,Divers Articles tanger,DOT,Rapport essai,1,TDOT,Rapport Esai